site_id,farm_name,county,animal_type,headcount,tile,naip_datetime,raw_candidates,kept_in_tile,buildings,building_area_m2,median_assign_dist_m,barns_lat,barns_lon,maps_url
data/raw/naip_grid/somerset/r000_c014.tif,Somerset grid r000_c014,Somerset,,,r000_c014.tif,,2,0,0.0,0.0,,,,
data/raw/naip_grid/somerset/r000_c015.tif,Somerset grid r000_c015,Somerset,,,r000_c015.tif,,5,2,0.0,0.0,,,,
data/raw/naip_grid/somerset/r000_c018.tif,Somerset grid r000_c018,Somerset,,,r000_c018.tif,,5,1,0.0,0.0,,,,
data/raw/naip_grid/somerset/r000_c019.tif,Somerset grid r000_c019,Somerset,,,r000_c019.tif,,0,0,0.0,0.0,,,,
data/raw/naip_grid/somerset/r000_c020.tif,Somerset grid r000_c020,Somerset,,,r000_c020.tif,,10,3,0.0,0.0,,,,
data/raw/naip_grid/somerset/r000_c021.tif,Somerset grid r000_c021,Somerset,,,r000_c021.tif,,3,3,0.0,0.0,,,,
data/raw/naip_grid/somerset/r001_c013.tif,Somerset grid r001_c013,Somerset,,,r001_c013.tif,,2,0,0.0,0.0,,,,
data/raw/naip_grid/somerset/r001_c014.tif,Somerset grid r001_c014,Somerset,,,r001_c014.tif,,2,0,0.0,0.0,,,,
data/raw/naip_grid/somerset/r001_c015.tif,Somerset grid r001_c015,Somerset,,,r001_c015.tif,,4,4,0.0,0.0,,,,
data/raw/naip_grid/somerset/r001_c016.tif,Somerset grid r001_c016,Somerset,,,r001_c016.tif,,0,0,0.0,0.0,,,,
data/raw/naip_grid/somerset/r001_c017.tif,Somerset grid r001_c017,Somerset,,,r001_c017.tif,,2,2,0.0,0.0,,,,
data/raw/naip_grid/somerset/r001_c018.tif,Somerset grid r001_c018,Somerset,,,r001_c018.tif,,6,1,0.0,0.0,,,,
data/raw/naip_grid/somerset/r001_c019.tif,Somerset grid r001_c019,Somerset,,,r001_c019.tif,,0,0,0.0,0.0,,,,
data/raw/naip_grid/somerset/r001_c020.tif,Somerset grid r001_c020,Somerset,,,r001_c020.tif,,0,0,0.0,0.0,,,,
data/raw/naip_grid/somerset/r001_c021.tif,Somerset grid r001_c021,Somerset,,,r001_c021.tif,,2,1,0.0,0.0,,,,
data/raw/naip_grid/somerset/r001_c022.tif,Somerset grid r001_c022,Somerset,,,r001_c022.tif,,3,1,0.0,0.0,,,,
data/raw/naip_grid/somerset/r002_c011.tif,Somerset grid r002_c011,Somerset,,,r002_c011.tif,,0,0,0.0,0.0,,,,
data/raw/naip_grid/somerset/r002_c012.tif,Somerset grid r002_c012,Somerset,,,r002_c012.tif,,0,0,0.0,0.0,,,,
data/raw/naip_grid/somerset/r002_c013.tif,Somerset grid r002_c013,Somerset,,,r002_c013.tif,,4,0,0.0,0.0,,,,
data/raw/naip_grid/somerset/r002_c014.tif,Somerset grid r002_c014,Somerset,,,r002_c014.tif,,3,2,0.0,0.0,,,,
data/raw/naip_grid/somerset/r002_c015.tif,Somerset grid r002_c015,Somerset,,,r002_c015.tif,,0,0,0.0,0.0,,,,
data/raw/naip_grid/somerset/r002_c016.tif,Somerset grid r002_c016,Somerset,,,r002_c016.tif,,0,0,0.0,0.0,,,,
data/raw/naip_grid/somerset/r002_c017.tif,Somerset grid r002_c017,Somerset,,,r002_c017.tif,,0,0,0.0,0.0,,,,
data/raw/naip_grid/somerset/r002_c018.tif,Somerset grid r002_c018,Somerset,,,r002_c018.tif,,4,4,0.0,0.0,,,,
data/raw/naip_grid/somerset/r002_c019.tif,Somerset grid r002_c019,Somerset,,,r002_c019.tif,,2,2,0.0,0.0,,,,
data/raw/naip_grid/somerset/r002_c020.tif,Somerset grid r002_c020,Somerset,,,r002_c020.tif,,11,9,0.0,0.0,,,,
data/raw/naip_grid/somerset/r002_c021.tif,Somerset grid r002_c021,Somerset,,,r002_c021.tif,,0,0,0.0,0.0,,,,
data/raw/naip_grid/somerset/r002_c022.tif,Somerset grid r002_c022,Somerset,,,r002_c022.tif,,0,0,0.0,0.0,,,,
data/raw/naip_grid/somerset/r003_c010.tif,Somerset grid r003_c010,Somerset,,,r003_c010.tif,,0,0,0.0,0.0,,,,
data/raw/naip_grid/somerset/r003_c011.tif,Somerset grid r003_c011,Somerset,,,r003_c011.tif,,0,0,0.0,0.0,,,,
data/raw/naip_grid/somerset/r003_c012.tif,Somerset grid r003_c012,Somerset,,,r003_c012.tif,,0,0,0.0,0.0,,,,
data/raw/naip_grid/somerset/r003_c013.tif,Somerset grid r003_c013,Somerset,,,r003_c013.tif,,0,0,0.0,0.0,,,,
data/raw/naip_grid/somerset/r003_c014.tif,Somerset grid r003_c014,Somerset,,,r003_c014.tif,,4,3,0.0,0.0,,,,
data/raw/naip_grid/somerset/r003_c015.tif,Somerset grid r003_c015,Somerset,,,r003_c015.tif,,2,2,0.0,0.0,,,,
data/raw/naip_grid/somerset/r003_c016.tif,Somerset grid r003_c016,Somerset,,,r003_c016.tif,,0,0,0.0,0.0,,,,
data/raw/naip_grid/somerset/r003_c017.tif,Somerset grid r003_c017,Somerset,,,r003_c017.tif,,0,0,0.0,0.0,,,,
data/raw/naip_grid/somerset/r003_c018.tif,Somerset grid r003_c018,Somerset,,,r003_c018.tif,,0,0,0.0,0.0,,,,
data/raw/naip_grid/somerset/r003_c019.tif,Somerset grid r003_c019,Somerset,,,r003_c019.tif,,0,0,0.0,0.0,,,,
data/raw/naip_grid/somerset/r003_c020.tif,Somerset grid r003_c020,Somerset,,,r003_c020.tif,,3,0,0.0,0.0,,,,
data/raw/naip_grid/somerset/r003_c021.tif,Somerset grid r003_c021,Somerset,,,r003_c021.tif,,0,0,0.0,0.0,,,,
data/raw/naip_grid/somerset/r003_c022.tif,Somerset grid r003_c022,Somerset,,,r003_c022.tif,,0,0,0.0,0.0,,,,
data/raw/naip_grid/somerset/r004_c009.tif,Somerset grid r004_c009,Somerset,,,r004_c009.tif,,0,0,0.0,0.0,,,,
data/raw/naip_grid/somerset/r004_c010.tif,Somerset grid r004_c010,Somerset,,,r004_c010.tif,,0,0,0.0,0.0,,,,
data/raw/naip_grid/somerset/r004_c011.tif,Somerset grid r004_c011,Somerset,,,r004_c011.tif,,0,0,0.0,0.0,,,,
data/raw/naip_grid/somerset/r004_c012.tif,Somerset grid r004_c012,Somerset,,,r004_c012.tif,,0,0,0.0,0.0,,,,
data/raw/naip_grid/somerset/r004_c013.tif,Somerset grid r004_c013,Somerset,,,r004_c013.tif,,0,0,0.0,0.0,,,,
data/raw/naip_grid/somerset/r004_c014.tif,Somerset grid r004_c014,Somerset,,,r004_c014.tif,,5,4,0.0,0.0,,,,
data/raw/naip_grid/somerset/r004_c015.tif,Somerset grid r004_c015,Somerset,,,r004_c015.tif,,2,2,0.0,0.0,,,,
data/raw/naip_grid/somerset/r004_c016.tif,Somerset grid r004_c016,Somerset,,,r004_c016.tif,,0,0,0.0,0.0,,,,
data/raw/naip_grid/somerset/r004_c017.tif,Somerset grid r004_c017,Somerset,,,r004_c017.tif,,0,0,0.0,0.0,,,,
data/raw/naip_grid/somerset/r004_c018.tif,Somerset grid r004_c018,Somerset,,,r004_c018.tif,,4,2,0.0,0.0,,,,
data/raw/naip_grid/somerset/r004_c019.tif,Somerset grid r004_c019,Somerset,,,r004_c019.tif,,10,6,0.0,0.0,,,,
data/raw/naip_grid/somerset/r004_c020.tif,Somerset grid r004_c020,Somerset,,,r004_c020.tif,,26,22,0.0,0.0,,,,
data/raw/naip_grid/somerset/r004_c021.tif,Somerset grid r004_c021,Somerset,,,r004_c021.tif,,5,5,0.0,0.0,,,,
data/raw/naip_grid/somerset/r004_c022.tif,Somerset grid r004_c022,Somerset,,,r004_c022.tif,,6,5,0.0,0.0,,,,
data/raw/naip_grid/somerset/r004_c023.tif,Somerset grid r004_c023,Somerset,,,r004_c023.tif,,4,4,0.0,0.0,,,,
data/raw/naip_grid/somerset/r005_c009.tif,Somerset grid r005_c009,Somerset,,,r005_c009.tif,,0,0,0.0,0.0,,,,
data/raw/naip_grid/somerset/r005_c010.tif,Somerset grid r005_c010,Somerset,,,r005_c010.tif,,0,0,0.0,0.0,,,,
data/raw/naip_grid/somerset/r005_c011.tif,Somerset grid r005_c011,Somerset,,,r005_c011.tif,,0,0,0.0,0.0,,,,
data/raw/naip_grid/somerset/r005_c012.tif,Somerset grid r005_c012,Somerset,,,r005_c012.tif,,1,0,0.0,0.0,,,,
data/raw/naip_grid/somerset/r005_c013.tif,Somerset grid r005_c013,Somerset,,,r005_c013.tif,,5,4,0.0,0.0,,,,
data/raw/naip_grid/somerset/r005_c014.tif,Somerset grid r005_c014,Somerset,,,r005_c014.tif,,0,0,0.0,0.0,,,,
data/raw/naip_grid/somerset/r005_c015.tif,Somerset grid r005_c015,Somerset,,,r005_c015.tif,,5,4,0.0,0.0,,,,
data/raw/naip_grid/somerset/r005_c016.tif,Somerset grid r005_c016,Somerset,,,r005_c016.tif,,14,10,0.0,0.0,,,,
data/raw/naip_grid/somerset/r005_c017.tif,Somerset grid r005_c017,Somerset,,,r005_c017.tif,,7,4,0.0,0.0,,,,
data/raw/naip_grid/somerset/r005_c018.tif,Somerset grid r005_c018,Somerset,,,r005_c018.tif,,3,1,0.0,0.0,,,,
data/raw/naip_grid/somerset/r005_c019.tif,Somerset grid r005_c019,Somerset,,,r005_c019.tif,,8,6,0.0,0.0,,,,
data/raw/naip_grid/somerset/r005_c020.tif,Somerset grid r005_c020,Somerset,,,r005_c020.tif,,37,32,0.0,0.0,,,,
data/raw/naip_grid/somerset/r005_c021.tif,Somerset grid r005_c021,Somerset,,,r005_c021.tif,,0,0,0.0,0.0,,,,
data/raw/naip_grid/somerset/r005_c022.tif,Somerset grid r005_c022,Somerset,,,r005_c022.tif,,0,0,0.0,0.0,,,,
data/raw/naip_grid/somerset/r005_c023.tif,Somerset grid r005_c023,Somerset,,,r005_c023.tif,,8,5,0.0,0.0,,,,
data/raw/naip_grid/somerset/r005_c024.tif,Somerset grid r005_c024,Somerset,,,r005_c024.tif,,1,0,0.0,0.0,,,,
data/raw/naip_grid/somerset/r006_c005.tif,Somerset grid r006_c005,Somerset,,,r006_c005.tif,,0,0,0.0,0.0,,,,
data/raw/naip_grid/somerset/r006_c006.tif,Somerset grid r006_c006,Somerset,,,r006_c006.tif,,0,0,0.0,0.0,,,,
data/raw/naip_grid/somerset/r006_c007.tif,Somerset grid r006_c007,Somerset,,,r006_c007.tif,,0,0,0.0,0.0,,,,
data/raw/naip_grid/somerset/r006_c008.tif,Somerset grid r006_c008,Somerset,,,r006_c008.tif,,0,0,0.0,0.0,,,,
data/raw/naip_grid/somerset/r006_c009.tif,Somerset grid r006_c009,Somerset,,,r006_c009.tif,,0,0,0.0,0.0,,,,
data/raw/naip_grid/somerset/r006_c010.tif,Somerset grid r006_c010,Somerset,,,r006_c010.tif,,0,0,0.0,0.0,,,,
data/raw/naip_grid/somerset/r006_c011.tif,Somerset grid r006_c011,Somerset,,,r006_c011.tif,,0,0,0.0,0.0,,,,
data/raw/naip_grid/somerset/r006_c012.tif,Somerset grid r006_c012,Somerset,,,r006_c012.tif,,4,3,0.0,0.0,,,,
data/raw/naip_grid/somerset/r006_c013.tif,Somerset grid r006_c013,Somerset,,,r006_c013.tif,,4,1,0.0,0.0,,,,
data/raw/naip_grid/somerset/r006_c014.tif,Somerset grid r006_c014,Somerset,,,r006_c014.tif,,5,0,0.0,0.0,,,,
data/raw/naip_grid/somerset/r006_c015.tif,Somerset grid r006_c015,Somerset,,,r006_c015.tif,,5,4,0.0,0.0,,,,
data/raw/naip_grid/somerset/r006_c016.tif,Somerset grid r006_c016,Somerset,,,r006_c016.tif,,4,3,0.0,0.0,,,,
data/raw/naip_grid/somerset/r006_c017.tif,Somerset grid r006_c017,Somerset,,,r006_c017.tif,,0,0,0.0,0.0,,,,
data/raw/naip_grid/somerset/r006_c018.tif,Somerset grid r006_c018,Somerset,,,r006_c018.tif,,2,0,0.0,0.0,,,,
data/raw/naip_grid/somerset/r006_c019.tif,Somerset grid r006_c019,Somerset,,,r006_c019.tif,,0,0,0.0,0.0,,,,
data/raw/naip_grid/somerset/r006_c020.tif,Somerset grid r006_c020,Somerset,,,r006_c020.tif,,2,1,0.0,0.0,,,,
data/raw/naip_grid/somerset/r006_c021.tif,Somerset grid r006_c021,Somerset,,,r006_c021.tif,,0,0,0.0,0.0,,,,
data/raw/naip_grid/somerset/r006_c022.tif,Somerset grid r006_c022,Somerset,,,r006_c022.tif,,4,4,0.0,0.0,,,,
data/raw/naip_grid/somerset/r006_c023.tif,Somerset grid r006_c023,Somerset,,,r006_c023.tif,,3,2,0.0,0.0,,,,
data/raw/naip_grid/somerset/r006_c024.tif,Somerset grid r006_c024,Somerset,,,r006_c024.tif,,2,2,0.0,0.0,,,,
data/raw/naip_grid/somerset/r007_c005.tif,Somerset grid r007_c005,Somerset,,,r007_c005.tif,,0,0,0.0,0.0,,,,
data/raw/naip_grid/somerset/r007_c006.tif,Somerset grid r007_c006,Somerset,,,r007_c006.tif,,0,0,0.0,0.0,,,,
data/raw/naip_grid/somerset/r007_c007.tif,Somerset grid r007_c007,Somerset,,,r007_c007.tif,,0,0,0.0,0.0,,,,
data/raw/naip_grid/somerset/r007_c008.tif,Somerset grid r007_c008,Somerset,,,r007_c008.tif,,0,0,0.0,0.0,,,,
data/raw/naip_grid/somerset/r007_c009.tif,Somerset grid r007_c009,Somerset,,,r007_c009.tif,,0,0,0.0,0.0,,,,
data/raw/naip_grid/somerset/r007_c010.tif,Somerset grid r007_c010,Somerset,,,r007_c010.tif,,0,0,0.0,0.0,,,,
data/raw/naip_grid/somerset/r007_c011.tif,Somerset grid r007_c011,Somerset,,,r007_c011.tif,,0,0,0.0,0.0,,,,
data/raw/naip_grid/somerset/r007_c012.tif,Somerset grid r007_c012,Somerset,,,r007_c012.tif,,7,6,0.0,0.0,,,,
data/raw/naip_grid/somerset/r007_c013.tif,Somerset grid r007_c013,Somerset,,,r007_c013.tif,,11,6,0.0,0.0,,,,
data/raw/naip_grid/somerset/r007_c014.tif,Somerset grid r007_c014,Somerset,,,r007_c014.tif,,1,0,0.0,0.0,,,,
data/raw/naip_grid/somerset/r007_c015.tif,Somerset grid r007_c015,Somerset,,,r007_c015.tif,,0,0,0.0,0.0,,,,
data/raw/naip_grid/somerset/r007_c016.tif,Somerset grid r007_c016,Somerset,,,r007_c016.tif,,3,3,0.0,0.0,,,,
data/raw/naip_grid/somerset/r007_c017.tif,Somerset grid r007_c017,Somerset,,,r007_c017.tif,,0,0,0.0,0.0,,,,
data/raw/naip_grid/somerset/r007_c018.tif,Somerset grid r007_c018,Somerset,,,r007_c018.tif,,5,3,0.0,0.0,,,,
data/raw/naip_grid/somerset/r007_c019.tif,Somerset grid r007_c019,Somerset,,,r007_c019.tif,,0,0,0.0,0.0,,,,
data/raw/naip_grid/somerset/r007_c020.tif,Somerset grid r007_c020,Somerset,,,r007_c020.tif,,2,2,0.0,0.0,,,,
data/raw/naip_grid/somerset/r007_c021.tif,Somerset grid r007_c021,Somerset,,,r007_c021.tif,,0,0,0.0,0.0,,,,
data/raw/naip_grid/somerset/r007_c022.tif,Somerset grid r007_c022,Somerset,,,r007_c022.tif,,6,6,0.0,0.0,,,,
data/raw/naip_grid/somerset/r007_c023.tif,Somerset grid r007_c023,Somerset,,,r007_c023.tif,,3,2,0.0,0.0,,,,
data/raw/naip_grid/somerset/r007_c024.tif,Somerset grid r007_c024,Somerset,,,r007_c024.tif,,3,2,0.0,0.0,,,,
data/raw/naip_grid/somerset/r007_c025.tif,Somerset grid r007_c025,Somerset,,,r007_c025.tif,,8,4,0.0,0.0,,,,
data/raw/naip_grid/somerset/r008_c005.tif,Somerset grid r008_c005,Somerset,,,r008_c005.tif,,0,0,0.0,0.0,,,,
data/raw/naip_grid/somerset/r008_c006.tif,Somerset grid r008_c006,Somerset,,,r008_c006.tif,,0,0,0.0,0.0,,,,
data/raw/naip_grid/somerset/r008_c007.tif,Somerset grid r008_c007,Somerset,,,r008_c007.tif,,0,0,0.0,0.0,,,,
data/raw/naip_grid/somerset/r008_c008.tif,Somerset grid r008_c008,Somerset,,,r008_c008.tif,,0,0,0.0,0.0,,,,
data/raw/naip_grid/somerset/r008_c009.tif,Somerset grid r008_c009,Somerset,,,r008_c009.tif,,0,0,0.0,0.0,,,,
data/raw/naip_grid/somerset/r008_c010.tif,Somerset grid r008_c010,Somerset,,,r008_c010.tif,,0,0,0.0,0.0,,,,
data/raw/naip_grid/somerset/r008_c011.tif,Somerset grid r008_c011,Somerset,,,r008_c011.tif,,0,0,0.0,0.0,,,,
data/raw/naip_grid/somerset/r008_c012.tif,Somerset grid r008_c012,Somerset,,,r008_c012.tif,,0,0,0.0,0.0,,,,
data/raw/naip_grid/somerset/r008_c013.tif,Somerset grid r008_c013,Somerset,,,r008_c013.tif,,2,0,0.0,0.0,,,,
data/raw/naip_grid/somerset/r008_c014.tif,Somerset grid r008_c014,Somerset,,,r008_c014.tif,,0,0,0.0,0.0,,,,
data/raw/naip_grid/somerset/r008_c015.tif,Somerset grid r008_c015,Somerset,,,r008_c015.tif,,0,0,0.0,0.0,,,,
data/raw/naip_grid/somerset/r008_c016.tif,Somerset grid r008_c016,Somerset,,,r008_c016.tif,,2,1,0.0,0.0,,,,
data/raw/naip_grid/somerset/r008_c017.tif,Somerset grid r008_c017,Somerset,,,r008_c017.tif,,2,0,0.0,0.0,,,,
data/raw/naip_grid/somerset/r008_c018.tif,Somerset grid r008_c018,Somerset,,,r008_c018.tif,,2,0,0.0,0.0,,,,
data/raw/naip_grid/somerset/r008_c019.tif,Somerset grid r008_c019,Somerset,,,r008_c019.tif,,3,3,0.0,0.0,,,,
data/raw/naip_grid/somerset/r008_c020.tif,Somerset grid r008_c020,Somerset,,,r008_c020.tif,,5,3,0.0,0.0,,,,
data/raw/naip_grid/somerset/r008_c021.tif,Somerset grid r008_c021,Somerset,,,r008_c021.tif,,11,10,0.0,0.0,,,,
data/raw/naip_grid/somerset/r008_c022.tif,Somerset grid r008_c022,Somerset,,,r008_c022.tif,,3,3,0.0,0.0,,,,
data/raw/naip_grid/somerset/r008_c023.tif,Somerset grid r008_c023,Somerset,,,r008_c023.tif,,0,0,0.0,0.0,,,,
data/raw/naip_grid/somerset/r008_c024.tif,Somerset grid r008_c024,Somerset,,,r008_c024.tif,,1,1,0.0,0.0,,,,
data/raw/naip_grid/somerset/r008_c025.tif,Somerset grid r008_c025,Somerset,,,r008_c025.tif,,12,3,0.0,0.0,,,,
data/raw/naip_grid/somerset/r009_c004.tif,Somerset grid r009_c004,Somerset,,,r009_c004.tif,,0,0,0.0,0.0,,,,
data/raw/naip_grid/somerset/r009_c005.tif,Somerset grid r009_c005,Somerset,,,r009_c005.tif,,0,0,0.0,0.0,,,,
data/raw/naip_grid/somerset/r009_c006.tif,Somerset grid r009_c006,Somerset,,,r009_c006.tif,,0,0,0.0,0.0,,,,
data/raw/naip_grid/somerset/r009_c007.tif,Somerset grid r009_c007,Somerset,,,r009_c007.tif,,0,0,0.0,0.0,,,,
data/raw/naip_grid/somerset/r009_c008.tif,Somerset grid r009_c008,Somerset,,,r009_c008.tif,,0,0,0.0,0.0,,,,
data/raw/naip_grid/somerset/r009_c009.tif,Somerset grid r009_c009,Somerset,,,r009_c009.tif,,0,0,0.0,0.0,,,,
data/raw/naip_grid/somerset/r009_c010.tif,Somerset grid r009_c010,Somerset,,,r009_c010.tif,,0,0,0.0,0.0,,,,
data/raw/naip_grid/somerset/r009_c011.tif,Somerset grid r009_c011,Somerset,,,r009_c011.tif,,0,0,0.0,0.0,,,,
data/raw/naip_grid/somerset/r009_c012.tif,Somerset grid r009_c012,Somerset,,,r009_c012.tif,,0,0,0.0,0.0,,,,
data/raw/naip_grid/somerset/r009_c013.tif,Somerset grid r009_c013,Somerset,,,r009_c013.tif,,0,0,0.0,0.0,,,,
data/raw/naip_grid/somerset/r009_c014.tif,Somerset grid r009_c014,Somerset,,,r009_c014.tif,,0,0,0.0,0.0,,,,
data/raw/naip_grid/somerset/r009_c015.tif,Somerset grid r009_c015,Somerset,,,r009_c015.tif,,11,4,0.0,0.0,,,,
data/raw/naip_grid/somerset/r009_c016.tif,Somerset grid r009_c016,Somerset,,,r009_c016.tif,,8,8,0.0,0.0,,,,
data/raw/naip_grid/somerset/r009_c017.tif,Somerset grid r009_c017,Somerset,,,r009_c017.tif,,0,0,0.0,0.0,,,,
data/raw/naip_grid/somerset/r009_c018.tif,Somerset grid r009_c018,Somerset,,,r009_c018.tif,,5,4,0.0,0.0,,,,
data/raw/naip_grid/somerset/r009_c019.tif,Somerset grid r009_c019,Somerset,,,r009_c019.tif,,9,9,0.0,0.0,,,,
data/raw/naip_grid/somerset/r009_c020.tif,Somerset grid r009_c020,Somerset,,,r009_c020.tif,,15,9,0.0,0.0,,,,
data/raw/naip_grid/somerset/r009_c021.tif,Somerset grid r009_c021,Somerset,,,r009_c021.tif,,0,0,0.0,0.0,,,,
data/raw/naip_grid/somerset/r009_c022.tif,Somerset grid r009_c022,Somerset,,,r009_c022.tif,,13,8,0.0,0.0,,,,
data/raw/naip_grid/somerset/r009_c023.tif,Somerset grid r009_c023,Somerset,,,r009_c023.tif,,14,8,0.0,0.0,,,,
data/raw/naip_grid/somerset/r009_c024.tif,Somerset grid r009_c024,Somerset,,,r009_c024.tif,,0,0,0.0,0.0,,,,
data/raw/naip_grid/somerset/r010_c001.tif,Somerset grid r010_c001,Somerset,,,r010_c001.tif,,0,0,0.0,0.0,,,,
data/raw/naip_grid/somerset/r010_c002.tif,Somerset grid r010_c002,Somerset,,,r010_c002.tif,,0,0,0.0,0.0,,,,
data/raw/naip_grid/somerset/r010_c004.tif,Somerset grid r010_c004,Somerset,,,r010_c004.tif,,0,0,0.0,0.0,,,,
data/raw/naip_grid/somerset/r010_c005.tif,Somerset grid r010_c005,Somerset,,,r010_c005.tif,,0,0,0.0,0.0,,,,
data/raw/naip_grid/somerset/r010_c006.tif,Somerset grid r010_c006,Somerset,,,r010_c006.tif,,0,0,0.0,0.0,,,,
data/raw/naip_grid/somerset/r010_c009.tif,Somerset grid r010_c009,Somerset,,,r010_c009.tif,,0,0,0.0,0.0,,,,
data/raw/naip_grid/somerset/r010_c011.tif,Somerset grid r010_c011,Somerset,,,r010_c011.tif,,0,0,0.0,0.0,,,,
data/raw/naip_grid/somerset/r010_c012.tif,Somerset grid r010_c012,Somerset,,,r010_c012.tif,,0,0,0.0,0.0,,,,
data/raw/naip_grid/somerset/r010_c013.tif,Somerset grid r010_c013,Somerset,,,r010_c013.tif,,0,0,0.0,0.0,,,,
data/raw/naip_grid/somerset/r010_c014.tif,Somerset grid r010_c014,Somerset,,,r010_c014.tif,,0,0,0.0,0.0,,,,
data/raw/naip_grid/somerset/r010_c015.tif,Somerset grid r010_c015,Somerset,,,r010_c015.tif,,6,1,0.0,0.0,,,,
data/raw/naip_grid/somerset/r010_c016.tif,Somerset grid r010_c016,Somerset,,,r010_c016.tif,,6,3,0.0,0.0,,,,
data/raw/naip_grid/somerset/r010_c017.tif,Somerset grid r010_c017,Somerset,,,r010_c017.tif,,1,0,0.0,0.0,,,,
data/raw/naip_grid/somerset/r010_c018.tif,Somerset grid r010_c018,Somerset,,,r010_c018.tif,,5,4,0.0,0.0,,,,
data/raw/naip_grid/somerset/r010_c019.tif,Somerset grid r010_c019,Somerset,,,r010_c019.tif,,0,0,0.0,0.0,,,,
data/raw/naip_grid/somerset/r010_c020.tif,Somerset grid r010_c020,Somerset,,,r010_c020.tif,,0,0,0.0,0.0,,,,
data/raw/naip_grid/somerset/r010_c021.tif,Somerset grid r010_c021,Somerset,,,r010_c021.tif,,0,0,0.0,0.0,,,,
data/raw/naip_grid/somerset/r010_c022.tif,Somerset grid r010_c022,Somerset,,,r010_c022.tif,,2,1,0.0,0.0,,,,
data/raw/naip_grid/somerset/r010_c023.tif,Somerset grid r010_c023,Somerset,,,r010_c023.tif,,11,3,0.0,0.0,,,,
data/raw/naip_grid/somerset/r010_c024.tif,Somerset grid r010_c024,Somerset,,,r010_c024.tif,,5,2,0.0,0.0,,,,
data/raw/naip_grid/somerset/r011_c000.tif,Somerset grid r011_c000,Somerset,,,r011_c000.tif,,0,0,0.0,0.0,,,,
data/raw/naip_grid/somerset/r011_c001.tif,Somerset grid r011_c001,Somerset,,,r011_c001.tif,,0,0,0.0,0.0,,,,
data/raw/naip_grid/somerset/r011_c005.tif,Somerset grid r011_c005,Somerset,,,r011_c005.tif,,0,0,0.0,0.0,,,,
data/raw/naip_grid/somerset/r011_c010.tif,Somerset grid r011_c010,Somerset,,,r011_c010.tif,,0,0,0.0,0.0,,,,
data/raw/naip_grid/somerset/r011_c011.tif,Somerset grid r011_c011,Somerset,,,r011_c011.tif,,0,0,0.0,0.0,,,,
data/raw/naip_grid/somerset/r011_c012.tif,Somerset grid r011_c012,Somerset,,,r011_c012.tif,,0,0,0.0,0.0,,,,
data/raw/naip_grid/somerset/r011_c013.tif,Somerset grid r011_c013,Somerset,,,r011_c013.tif,,0,0,0.0,0.0,,,,
data/raw/naip_grid/somerset/r011_c014.tif,Somerset grid r011_c014,Somerset,,,r011_c014.tif,,0,0,0.0,0.0,,,,
data/raw/naip_grid/somerset/r011_c015.tif,Somerset grid r011_c015,Somerset,,,r011_c015.tif,,1,1,0.0,0.0,,,,
data/raw/naip_grid/somerset/r011_c016.tif,Somerset grid r011_c016,Somerset,,,r011_c016.tif,,0,0,0.0,0.0,,,,
data/raw/naip_grid/somerset/r011_c017.tif,Somerset grid r011_c017,Somerset,,,r011_c017.tif,,1,0,0.0,0.0,,,,
data/raw/naip_grid/somerset/r011_c018.tif,Somerset grid r011_c018,Somerset,,,r011_c018.tif,,1,0,0.0,0.0,,,,
data/raw/naip_grid/somerset/r011_c019.tif,Somerset grid r011_c019,Somerset,,,r011_c019.tif,,5,4,0.0,0.0,,,,
data/raw/naip_grid/somerset/r011_c020.tif,Somerset grid r011_c020,Somerset,,,r011_c020.tif,,0,0,0.0,0.0,,,,
data/raw/naip_grid/somerset/r011_c021.tif,Somerset grid r011_c021,Somerset,,,r011_c021.tif,,0,0,0.0,0.0,,,,
data/raw/naip_grid/somerset/r011_c022.tif,Somerset grid r011_c022,Somerset,,,r011_c022.tif,,8,5,0.0,0.0,,,,
data/raw/naip_grid/somerset/r011_c023.tif,Somerset grid r011_c023,Somerset,,,r011_c023.tif,,3,0,0.0,0.0,,,,
data/raw/naip_grid/somerset/r011_c024.tif,Somerset grid r011_c024,Somerset,,,r011_c024.tif,,16,8,0.0,0.0,,,,
data/raw/naip_grid/somerset/r011_c025.tif,Somerset grid r011_c025,Somerset,,,r011_c025.tif,,3,3,0.0,0.0,,,,
data/raw/naip_grid/somerset/r012_c000.tif,Somerset grid r012_c000,Somerset,,,r012_c000.tif,,0,0,0.0,0.0,,,,
data/raw/naip_grid/somerset/r012_c001.tif,Somerset grid r012_c001,Somerset,,,r012_c001.tif,,0,0,0.0,0.0,,,,
data/raw/naip_grid/somerset/r012_c002.tif,Somerset grid r012_c002,Somerset,,,r012_c002.tif,,0,0,0.0,0.0,,,,
data/raw/naip_grid/somerset/r012_c009.tif,Somerset grid r012_c009,Somerset,,,r012_c009.tif,,0,0,0.0,0.0,,,,
data/raw/naip_grid/somerset/r012_c010.tif,Somerset grid r012_c010,Somerset,,,r012_c010.tif,,0,0,0.0,0.0,,,,
data/raw/naip_grid/somerset/r012_c011.tif,Somerset grid r012_c011,Somerset,,,r012_c011.tif,,0,0,0.0,0.0,,,,
data/raw/naip_grid/somerset/r012_c012.tif,Somerset grid r012_c012,Somerset,,,r012_c012.tif,,0,0,0.0,0.0,,,,
data/raw/naip_grid/somerset/r012_c013.tif,Somerset grid r012_c013,Somerset,,,r012_c013.tif,,0,0,0.0,0.0,,,,
data/raw/naip_grid/somerset/r012_c014.tif,Somerset grid r012_c014,Somerset,,,r012_c014.tif,,0,0,0.0,0.0,,,,
data/raw/naip_grid/somerset/r012_c015.tif,Somerset grid r012_c015,Somerset,,,r012_c015.tif,,1,0,0.0,0.0,,,,
data/raw/naip_grid/somerset/r012_c016.tif,Somerset grid r012_c016,Somerset,,,r012_c016.tif,,0,0,0.0,0.0,,,,
data/raw/naip_grid/somerset/r012_c017.tif,Somerset grid r012_c017,Somerset,,,r012_c017.tif,,7,5,0.0,0.0,,,,
data/raw/naip_grid/somerset/r012_c018.tif,Somerset grid r012_c018,Somerset,,,r012_c018.tif,,11,4,0.0,0.0,,,,
data/raw/naip_grid/somerset/r012_c019.tif,Somerset grid r012_c019,Somerset,,,r012_c019.tif,,0,0,0.0,0.0,,,,
data/raw/naip_grid/somerset/r012_c020.tif,Somerset grid r012_c020,Somerset,,,r012_c020.tif,,0,0,0.0,0.0,,,,
data/raw/naip_grid/somerset/r012_c021.tif,Somerset grid r012_c021,Somerset,,,r012_c021.tif,,0,0,0.0,0.0,,,,
data/raw/naip_grid/somerset/r012_c022.tif,Somerset grid r012_c022,Somerset,,,r012_c022.tif,,2,1,0.0,0.0,,,,
data/raw/naip_grid/somerset/r012_c023.tif,Somerset grid r012_c023,Somerset,,,r012_c023.tif,,4,2,0.0,0.0,,,,
data/raw/naip_grid/somerset/r012_c024.tif,Somerset grid r012_c024,Somerset,,,r012_c024.tif,,11,9,0.0,0.0,,,,
data/raw/naip_grid/somerset/r012_c025.tif,Somerset grid r012_c025,Somerset,,,r012_c025.tif,,2,1,0.0,0.0,,,,
data/raw/naip_grid/somerset/r013_c000.tif,Somerset grid r013_c000,Somerset,,,r013_c000.tif,,0,0,0.0,0.0,,,,
data/raw/naip_grid/somerset/r013_c001.tif,Somerset grid r013_c001,Somerset,,,r013_c001.tif,,0,0,0.0,0.0,,,,
data/raw/naip_grid/somerset/r013_c002.tif,Somerset grid r013_c002,Somerset,,,r013_c002.tif,,0,0,0.0,0.0,,,,
data/raw/naip_grid/somerset/r013_c009.tif,Somerset grid r013_c009,Somerset,,,r013_c009.tif,,0,0,0.0,0.0,,,,
data/raw/naip_grid/somerset/r013_c010.tif,Somerset grid r013_c010,Somerset,,,r013_c010.tif,,0,0,0.0,0.0,,,,
data/raw/naip_grid/somerset/r013_c011.tif,Somerset grid r013_c011,Somerset,,,r013_c011.tif,,0,0,0.0,0.0,,,,
data/raw/naip_grid/somerset/r013_c012.tif,Somerset grid r013_c012,Somerset,,,r013_c012.tif,,0,0,0.0,0.0,,,,
data/raw/naip_grid/somerset/r013_c013.tif,Somerset grid r013_c013,Somerset,,,r013_c013.tif,,0,0,0.0,0.0,,,,
data/raw/naip_grid/somerset/r013_c014.tif,Somerset grid r013_c014,Somerset,,,r013_c014.tif,,0,0,0.0,0.0,,,,
data/raw/naip_grid/somerset/r013_c015.tif,Somerset grid r013_c015,Somerset,,,r013_c015.tif,,0,0,0.0,0.0,,,,
data/raw/naip_grid/somerset/r013_c016.tif,Somerset grid r013_c016,Somerset,,,r013_c016.tif,,0,0,0.0,0.0,,,,
data/raw/naip_grid/somerset/r013_c017.tif,Somerset grid r013_c017,Somerset,,,r013_c017.tif,,7,4,0.0,0.0,,,,
data/raw/naip_grid/somerset/r013_c018.tif,Somerset grid r013_c018,Somerset,,,r013_c018.tif,,5,0,0.0,0.0,,,,
data/raw/naip_grid/somerset/r013_c019.tif,Somerset grid r013_c019,Somerset,,,r013_c019.tif,,6,3,0.0,0.0,,,,
data/raw/naip_grid/somerset/r013_c020.tif,Somerset grid r013_c020,Somerset,,,r013_c020.tif,,8,7,0.0,0.0,,,,
data/raw/naip_grid/somerset/r013_c021.tif,Somerset grid r013_c021,Somerset,,,r013_c021.tif,,3,3,0.0,0.0,,,,
data/raw/naip_grid/somerset/r013_c022.tif,Somerset grid r013_c022,Somerset,,,r013_c022.tif,,2,0,0.0,0.0,,,,
data/raw/naip_grid/somerset/r013_c023.tif,Somerset grid r013_c023,Somerset,,,r013_c023.tif,,4,4,0.0,0.0,,,,
data/raw/naip_grid/somerset/r013_c024.tif,Somerset grid r013_c024,Somerset,,,r013_c024.tif,,0,0,0.0,0.0,,,,
data/raw/naip_grid/somerset/r013_c025.tif,Somerset grid r013_c025,Somerset,,,r013_c025.tif,,0,0,0.0,0.0,,,,
data/raw/naip_grid/somerset/r014_c009.tif,Somerset grid r014_c009,Somerset,,,r014_c009.tif,,0,0,0.0,0.0,,,,
data/raw/naip_grid/somerset/r014_c010.tif,Somerset grid r014_c010,Somerset,,,r014_c010.tif,,0,0,0.0,0.0,,,,
data/raw/naip_grid/somerset/r014_c011.tif,Somerset grid r014_c011,Somerset,,,r014_c011.tif,,0,0,0.0,0.0,,,,
data/raw/naip_grid/somerset/r014_c012.tif,Somerset grid r014_c012,Somerset,,,r014_c012.tif,,0,0,0.0,0.0,,,,
data/raw/naip_grid/somerset/r014_c013.tif,Somerset grid r014_c013,Somerset,,,r014_c013.tif,,3,2,0.0,0.0,,,,
data/raw/naip_grid/somerset/r014_c014.tif,Somerset grid r014_c014,Somerset,,,r014_c014.tif,,2,0,0.0,0.0,,,,
data/raw/naip_grid/somerset/r014_c015.tif,Somerset grid r014_c015,Somerset,,,r014_c015.tif,,0,0,0.0,0.0,,,,
data/raw/naip_grid/somerset/r014_c016.tif,Somerset grid r014_c016,Somerset,,,r014_c016.tif,,0,0,0.0,0.0,,,,
data/raw/naip_grid/somerset/r014_c017.tif,Somerset grid r014_c017,Somerset,,,r014_c017.tif,,11,11,0.0,0.0,,,,
data/raw/naip_grid/somerset/r014_c018.tif,Somerset grid r014_c018,Somerset,,,r014_c018.tif,,3,3,0.0,0.0,,,,
data/raw/naip_grid/somerset/r014_c019.tif,Somerset grid r014_c019,Somerset,,,r014_c019.tif,,18,17,0.0,0.0,,,,
data/raw/naip_grid/somerset/r014_c020.tif,Somerset grid r014_c020,Somerset,,,r014_c020.tif,,14,12,0.0,0.0,,,,
data/raw/naip_grid/somerset/r014_c021.tif,Somerset grid r014_c021,Somerset,,,r014_c021.tif,,3,3,0.0,0.0,,,,
data/raw/naip_grid/somerset/r014_c022.tif,Somerset grid r014_c022,Somerset,,,r014_c022.tif,,0,0,0.0,0.0,,,,
data/raw/naip_grid/somerset/r014_c023.tif,Somerset grid r014_c023,Somerset,,,r014_c023.tif,,2,0,0.0,0.0,,,,
data/raw/naip_grid/somerset/r014_c024.tif,Somerset grid r014_c024,Somerset,,,r014_c024.tif,,3,0,0.0,0.0,,,,
data/raw/naip_grid/somerset/r015_c011.tif,Somerset grid r015_c011,Somerset,,,r015_c011.tif,,0,0,0.0,0.0,,,,
data/raw/naip_grid/somerset/r015_c012.tif,Somerset grid r015_c012,Somerset,,,r015_c012.tif,,0,0,0.0,0.0,,,,
data/raw/naip_grid/somerset/r015_c013.tif,Somerset grid r015_c013,Somerset,,,r015_c013.tif,,4,2,0.0,0.0,,,,
data/raw/naip_grid/somerset/r015_c014.tif,Somerset grid r015_c014,Somerset,,,r015_c014.tif,,5,3,0.0,0.0,,,,
data/raw/naip_grid/somerset/r015_c015.tif,Somerset grid r015_c015,Somerset,,,r015_c015.tif,,2,0,0.0,0.0,,,,
data/raw/naip_grid/somerset/r015_c016.tif,Somerset grid r015_c016,Somerset,,,r015_c016.tif,,0,0,0.0,0.0,,,,
data/raw/naip_grid/somerset/r015_c017.tif,Somerset grid r015_c017,Somerset,,,r015_c017.tif,,4,4,0.0,0.0,,,,
data/raw/naip_grid/somerset/r015_c018.tif,Somerset grid r015_c018,Somerset,,,r015_c018.tif,,2,1,0.0,0.0,,,,
data/raw/naip_grid/somerset/r015_c019.tif,Somerset grid r015_c019,Somerset,,,r015_c019.tif,,13,4,0.0,0.0,,,,
data/raw/naip_grid/somerset/r015_c020.tif,Somerset grid r015_c020,Somerset,,,r015_c020.tif,,8,7,0.0,0.0,,,,
data/raw/naip_grid/somerset/r015_c021.tif,Somerset grid r015_c021,Somerset,,,r015_c021.tif,,0,0,0.0,0.0,,,,
data/raw/naip_grid/somerset/r016_c000.tif,Somerset grid r016_c000,Somerset,,,r016_c000.tif,,0,0,0.0,0.0,,,,
data/raw/naip_grid/somerset/r016_c001.tif,Somerset grid r016_c001,Somerset,,,r016_c001.tif,,0,0,0.0,0.0,,,,
data/raw/naip_grid/somerset/r016_c002.tif,Somerset grid r016_c002,Somerset,,,r016_c002.tif,,0,0,0.0,0.0,,,,
data/raw/naip_grid/somerset/r016_c009.tif,Somerset grid r016_c009,Somerset,,,r016_c009.tif,,0,0,0.0,0.0,,,,
data/raw/naip_grid/somerset/r016_c010.tif,Somerset grid r016_c010,Somerset,,,r016_c010.tif,,0,0,0.0,0.0,,,,
data/raw/naip_grid/somerset/r016_c011.tif,Somerset grid r016_c011,Somerset,,,r016_c011.tif,,4,3,0.0,0.0,,,,
data/raw/naip_grid/somerset/r016_c012.tif,Somerset grid r016_c012,Somerset,,,r016_c012.tif,,4,3,0.0,0.0,,,,
data/raw/naip_grid/somerset/r016_c013.tif,Somerset grid r016_c013,Somerset,,,r016_c013.tif,,0,0,0.0,0.0,,,,
data/raw/naip_grid/somerset/r016_c014.tif,Somerset grid r016_c014,Somerset,,,r016_c014.tif,,0,0,0.0,0.0,,,,
data/raw/naip_grid/somerset/r016_c015.tif,Somerset grid r016_c015,Somerset,,,r016_c015.tif,,16,11,0.0,0.0,,,,
data/raw/naip_grid/somerset/r016_c016.tif,Somerset grid r016_c016,Somerset,,,r016_c016.tif,,18,11,0.0,0.0,,,,
data/raw/naip_grid/somerset/r016_c017.tif,Somerset grid r016_c017,Somerset,,,r016_c017.tif,,3,1,0.0,0.0,,,,
data/raw/naip_grid/somerset/r016_c018.tif,Somerset grid r016_c018,Somerset,,,r016_c018.tif,,2,0,0.0,0.0,,,,
data/raw/naip_grid/somerset/r016_c019.tif,Somerset grid r016_c019,Somerset,,,r016_c019.tif,,4,4,0.0,0.0,,,,
data/raw/naip_grid/somerset/r017_c000.tif,Somerset grid r017_c000,Somerset,,,r017_c000.tif,,0,0,0.0,0.0,,,,
data/raw/naip_grid/somerset/r017_c001.tif,Somerset grid r017_c001,Somerset,,,r017_c001.tif,,0,0,0.0,0.0,,,,
data/raw/naip_grid/somerset/r017_c002.tif,Somerset grid r017_c002,Somerset,,,r017_c002.tif,,0,0,0.0,0.0,,,,
data/raw/naip_grid/somerset/r017_c003.tif,Somerset grid r017_c003,Somerset,,,r017_c003.tif,,0,0,0.0,0.0,,,,
data/raw/naip_grid/somerset/r017_c009.tif,Somerset grid r017_c009,Somerset,,,r017_c009.tif,,0,0,0.0,0.0,,,,
data/raw/naip_grid/somerset/r017_c010.tif,Somerset grid r017_c010,Somerset,,,r017_c010.tif,,0,0,0.0,0.0,,,,
data/raw/naip_grid/somerset/r017_c011.tif,Somerset grid r017_c011,Somerset,,,r017_c011.tif,,2,1,0.0,0.0,,,,
data/raw/naip_grid/somerset/r017_c012.tif,Somerset grid r017_c012,Somerset,,,r017_c012.tif,,7,7,0.0,0.0,,,,
data/raw/naip_grid/somerset/r017_c013.tif,Somerset grid r017_c013,Somerset,,,r017_c013.tif,,0,0,0.0,0.0,,,,
data/raw/naip_grid/somerset/r017_c014.tif,Somerset grid r017_c014,Somerset,,,r017_c014.tif,,7,3,0.0,0.0,,,,
data/raw/naip_grid/somerset/r017_c015.tif,Somerset grid r017_c015,Somerset,,,r017_c015.tif,,11,6,0.0,0.0,,,,
data/raw/naip_grid/somerset/r017_c016.tif,Somerset grid r017_c016,Somerset,,,r017_c016.tif,,0,0,0.0,0.0,,,,
data/raw/naip_grid/somerset/r017_c017.tif,Somerset grid r017_c017,Somerset,,,r017_c017.tif,,0,0,0.0,0.0,,,,
data/raw/naip_grid/somerset/r017_c018.tif,Somerset grid r017_c018,Somerset,,,r017_c018.tif,,0,0,0.0,0.0,,,,
data/raw/naip_grid/somerset/r017_c019.tif,Somerset grid r017_c019,Somerset,,,r017_c019.tif,,0,0,0.0,0.0,,,,
data/raw/naip_grid/somerset/r017_c020.tif,Somerset grid r017_c020,Somerset,,,r017_c020.tif,,0,0,0.0,0.0,,,,
data/raw/naip_grid/somerset/r017_c021.tif,Somerset grid r017_c021,Somerset,,,r017_c021.tif,,0,0,0.0,0.0,,,,
data/raw/naip_grid/somerset/r018_c000.tif,Somerset grid r018_c000,Somerset,,,r018_c000.tif,,1,0,0.0,0.0,,,,
data/raw/naip_grid/somerset/r018_c001.tif,Somerset grid r018_c001,Somerset,,,r018_c001.tif,,0,0,0.0,0.0,,,,
data/raw/naip_grid/somerset/r018_c002.tif,Somerset grid r018_c002,Somerset,,,r018_c002.tif,,0,0,0.0,0.0,,,,
data/raw/naip_grid/somerset/r018_c003.tif,Somerset grid r018_c003,Somerset,,,r018_c003.tif,,0,0,0.0,0.0,,,,
data/raw/naip_grid/somerset/r018_c008.tif,Somerset grid r018_c008,Somerset,,,r018_c008.tif,,0,0,0.0,0.0,,,,
data/raw/naip_grid/somerset/r018_c009.tif,Somerset grid r018_c009,Somerset,,,r018_c009.tif,,0,0,0.0,0.0,,,,
data/raw/naip_grid/somerset/r018_c010.tif,Somerset grid r018_c010,Somerset,,,r018_c010.tif,,3,0,0.0,0.0,,,,
data/raw/naip_grid/somerset/r018_c011.tif,Somerset grid r018_c011,Somerset,,,r018_c011.tif,,0,0,0.0,0.0,,,,
data/raw/naip_grid/somerset/r018_c012.tif,Somerset grid r018_c012,Somerset,,,r018_c012.tif,,0,0,0.0,0.0,,,,
data/raw/naip_grid/somerset/r018_c013.tif,Somerset grid r018_c013,Somerset,,,r018_c013.tif,,6,4,0.0,0.0,,,,
data/raw/naip_grid/somerset/r018_c014.tif,Somerset grid r018_c014,Somerset,,,r018_c014.tif,,22,7,0.0,0.0,,,,
data/raw/naip_grid/somerset/r018_c015.tif,Somerset grid r018_c015,Somerset,,,r018_c015.tif,,6,3,0.0,0.0,,,,
data/raw/naip_grid/somerset/r018_c016.tif,Somerset grid r018_c016,Somerset,,,r018_c016.tif,,0,0,0.0,0.0,,,,
data/raw/naip_grid/somerset/r018_c017.tif,Somerset grid r018_c017,Somerset,,,r018_c017.tif,,0,0,0.0,0.0,,,,
data/raw/naip_grid/somerset/r018_c018.tif,Somerset grid r018_c018,Somerset,,,r018_c018.tif,,0,0,0.0,0.0,,,,
data/raw/naip_grid/somerset/r018_c019.tif,Somerset grid r018_c019,Somerset,,,r018_c019.tif,,0,0,0.0,0.0,,,,
data/raw/naip_grid/somerset/r018_c020.tif,Somerset grid r018_c020,Somerset,,,r018_c020.tif,,17,14,0.0,0.0,,,,
data/raw/naip_grid/somerset/r018_c021.tif,Somerset grid r018_c021,Somerset,,,r018_c021.tif,,4,4,0.0,0.0,,,,
data/raw/naip_grid/somerset/r019_c000.tif,Somerset grid r019_c000,Somerset,,,r019_c000.tif,,1,0,0.0,0.0,,,,
data/raw/naip_grid/somerset/r019_c001.tif,Somerset grid r019_c001,Somerset,,,r019_c001.tif,,0,0,0.0,0.0,,,,
data/raw/naip_grid/somerset/r019_c002.tif,Somerset grid r019_c002,Somerset,,,r019_c002.tif,,0,0,0.0,0.0,,,,
data/raw/naip_grid/somerset/r019_c003.tif,Somerset grid r019_c003,Somerset,,,r019_c003.tif,,0,0,0.0,0.0,,,,
data/raw/naip_grid/somerset/r019_c008.tif,Somerset grid r019_c008,Somerset,,,r019_c008.tif,,0,0,0.0,0.0,,,,
data/raw/naip_grid/somerset/r019_c009.tif,Somerset grid r019_c009,Somerset,,,r019_c009.tif,,0,0,0.0,0.0,,,,
data/raw/naip_grid/somerset/r019_c010.tif,Somerset grid r019_c010,Somerset,,,r019_c010.tif,,1,0,0.0,0.0,,,,
data/raw/naip_grid/somerset/r019_c011.tif,Somerset grid r019_c011,Somerset,,,r019_c011.tif,,11,10,0.0,0.0,,,,
data/raw/naip_grid/somerset/r019_c012.tif,Somerset grid r019_c012,Somerset,,,r019_c012.tif,,2,2,0.0,0.0,,,,
data/raw/naip_grid/somerset/r019_c013.tif,Somerset grid r019_c013,Somerset,,,r019_c013.tif,,3,0,0.0,0.0,,,,
data/raw/naip_grid/somerset/r019_c014.tif,Somerset grid r019_c014,Somerset,,,r019_c014.tif,,0,0,0.0,0.0,,,,
data/raw/naip_grid/somerset/r019_c015.tif,Somerset grid r019_c015,Somerset,,,r019_c015.tif,,0,0,0.0,0.0,,,,
data/raw/naip_grid/somerset/r019_c016.tif,Somerset grid r019_c016,Somerset,,,r019_c016.tif,,0,0,0.0,0.0,,,,
data/raw/naip_grid/somerset/r019_c017.tif,Somerset grid r019_c017,Somerset,,,r019_c017.tif,,0,0,0.0,0.0,,,,
data/raw/naip_grid/somerset/r019_c018.tif,Somerset grid r019_c018,Somerset,,,r019_c018.tif,,0,0,0.0,0.0,,,,
data/raw/naip_grid/somerset/r019_c019.tif,Somerset grid r019_c019,Somerset,,,r019_c019.tif,,0,0,0.0,0.0,,,,
data/raw/naip_grid/somerset/r019_c020.tif,Somerset grid r019_c020,Somerset,,,r019_c020.tif,,4,3,0.0,0.0,,,,
data/raw/naip_grid/somerset/r019_c021.tif,Somerset grid r019_c021,Somerset,,,r019_c021.tif,,0,0,0.0,0.0,,,,
data/raw/naip_grid/somerset/r020_c000.tif,Somerset grid r020_c000,Somerset,,,r020_c000.tif,,1,0,0.0,0.0,,,,
data/raw/naip_grid/somerset/r020_c001.tif,Somerset grid r020_c001,Somerset,,,r020_c001.tif,,0,0,0.0,0.0,,,,
data/raw/naip_grid/somerset/r020_c002.tif,Somerset grid r020_c002,Somerset,,,r020_c002.tif,,0,0,0.0,0.0,,,,
data/raw/naip_grid/somerset/r020_c007.tif,Somerset grid r020_c007,Somerset,,,r020_c007.tif,,0,0,0.0,0.0,,,,
data/raw/naip_grid/somerset/r020_c008.tif,Somerset grid r020_c008,Somerset,,,r020_c008.tif,,0,0,0.0,0.0,,,,
data/raw/naip_grid/somerset/r020_c009.tif,Somerset grid r020_c009,Somerset,,,r020_c009.tif,,2,0,0.0,0.0,,,,
data/raw/naip_grid/somerset/r020_c010.tif,Somerset grid r020_c010,Somerset,,,r020_c010.tif,,2,0,0.0,0.0,,,,
data/raw/naip_grid/somerset/r020_c011.tif,Somerset grid r020_c011,Somerset,,,r020_c011.tif,,9,9,0.0,0.0,,,,
data/raw/naip_grid/somerset/r020_c012.tif,Somerset grid r020_c012,Somerset,,,r020_c012.tif,,0,0,0.0,0.0,,,,
data/raw/naip_grid/somerset/r020_c013.tif,Somerset grid r020_c013,Somerset,,,r020_c013.tif,,0,0,0.0,0.0,,,,
data/raw/naip_grid/somerset/r020_c014.tif,Somerset grid r020_c014,Somerset,,,r020_c014.tif,,0,0,0.0,0.0,,,,
data/raw/naip_grid/somerset/r020_c015.tif,Somerset grid r020_c015,Somerset,,,r020_c015.tif,,0,0,0.0,0.0,,,,
data/raw/naip_grid/somerset/r020_c016.tif,Somerset grid r020_c016,Somerset,,,r020_c016.tif,,0,0,0.0,0.0,,,,
data/raw/naip_grid/somerset/r020_c017.tif,Somerset grid r020_c017,Somerset,,,r020_c017.tif,,0,0,0.0,0.0,,,,
data/raw/naip_grid/somerset/r020_c018.tif,Somerset grid r020_c018,Somerset,,,r020_c018.tif,,0,0,0.0,0.0,,,,
data/raw/naip_grid/somerset/r020_c019.tif,Somerset grid r020_c019,Somerset,,,r020_c019.tif,,0,0,0.0,0.0,,,,
data/raw/naip_grid/somerset/r020_c020.tif,Somerset grid r020_c020,Somerset,,,r020_c020.tif,,0,0,0.0,0.0,,,,
data/raw/naip_grid/somerset/r020_c021.tif,Somerset grid r020_c021,Somerset,,,r020_c021.tif,,0,0,0.0,0.0,,,,
data/raw/naip_grid/somerset/r021_c000.tif,Somerset grid r021_c000,Somerset,,,r021_c000.tif,,0,0,0.0,0.0,,,,
data/raw/naip_grid/somerset/r021_c001.tif,Somerset grid r021_c001,Somerset,,,r021_c001.tif,,2,0,0.0,0.0,,,,
data/raw/naip_grid/somerset/r021_c002.tif,Somerset grid r021_c002,Somerset,,,r021_c002.tif,,0,0,0.0,0.0,,,,
data/raw/naip_grid/somerset/r021_c003.tif,Somerset grid r021_c003,Somerset,,,r021_c003.tif,,0,0,0.0,0.0,,,,
data/raw/naip_grid/somerset/r021_c008.tif,Somerset grid r021_c008,Somerset,,,r021_c008.tif,,0,0,0.0,0.0,,,,
data/raw/naip_grid/somerset/r021_c009.tif,Somerset grid r021_c009,Somerset,,,r021_c009.tif,,0,0,0.0,0.0,,,,
data/raw/naip_grid/somerset/r021_c010.tif,Somerset grid r021_c010,Somerset,,,r021_c010.tif,,0,0,0.0,0.0,,,,
data/raw/naip_grid/somerset/r021_c011.tif,Somerset grid r021_c011,Somerset,,,r021_c011.tif,,0,0,0.0,0.0,,,,
data/raw/naip_grid/somerset/r021_c012.tif,Somerset grid r021_c012,Somerset,,,r021_c012.tif,,0,0,0.0,0.0,,,,
data/raw/naip_grid/somerset/r021_c019.tif,Somerset grid r021_c019,Somerset,,,r021_c019.tif,,0,0,0.0,0.0,,,,
data/raw/naip_grid/somerset/r022_c008.tif,Somerset grid r022_c008,Somerset,,,r022_c008.tif,,0,0,0.0,0.0,,,,
data/raw/naip_grid/somerset/r022_c009.tif,Somerset grid r022_c009,Somerset,,,r022_c009.tif,,0,0,0.0,0.0,,,,
data/raw/naip_grid/somerset/r022_c010.tif,Somerset grid r022_c010,Somerset,,,r022_c010.tif,,0,0,0.0,0.0,,,,
data/raw/naip_grid/somerset/r022_c011.tif,Somerset grid r022_c011,Somerset,,,r022_c011.tif,,0,0,0.0,0.0,,,,
data/raw/naip_grid/somerset/r023_c007.tif,Somerset grid r023_c007,Somerset,,,r023_c007.tif,,6,0,0.0,0.0,,,,
data/raw/naip_grid/somerset/r023_c008.tif,Somerset grid r023_c008,Somerset,,,r023_c008.tif,,3,0,0.0,0.0,,,,
data/raw/naip_grid/somerset/r023_c009.tif,Somerset grid r023_c009,Somerset,,,r023_c009.tif,,0,0,0.0,0.0,,,,
data/raw/naip_grid/somerset/r023_c010.tif,Somerset grid r023_c010,Somerset,,,r023_c010.tif,,0,0,0.0,0.0,,,,
data/raw/naip_grid/somerset/r024_c008.tif,Somerset grid r024_c008,Somerset,,,r024_c008.tif,,0,0,0.0,0.0,,,,
