site_id,farm_name,county,animal_type,species_group,headcount,coeff_key,N_per_head_per_flock,P2O5_per_head_per_flock,flocks_per_year,annual_N_lbs,annual_P2O5_lbs,n_buildings,building_area_m2,located_by,no_coefficient,lat,lon
data/raw/naip_tiles_pc_4band_full/site_0004.tif,"Lester C. Jones & Sons, Inc.",Kent,dairy_cattle,dairy,3300,dairy_cattle,168.0,96.0,1.0,554400.0,316800.0,0,0.0,registry_point_only,False,39.32205216,-75.80896511
data/raw/naip_tiles_pc_4band_full/site_0002.tif,"Horizon Organic Dairy, LLC",Kent,dairy_cattle,dairy,544,dairy_cattle,168.0,96.0,1.0,91392.0,52224.0,0,0.0,registry_point_only,False,39.29127183,-76.00922239
data/raw/naip_tiles_pc_4band_full/site_0003.tif,"Grand View Farm, LLC",Kent,swine_55_lbs,swine,2455,swine,24.0,18.0,1.0,58920.0,44190.0,1,800.7,detected_buildings,False,39.30590906,-75.94728291
data/raw/naip_tiles_pc_4band_full/site_0005.tif,"Bistate Feeders, LLC",Caroline,cattle_includes_heifers,beef,3400,beef_cattle,125.0,87.0,1.0,425000.0,295800.0,0,0.0,registry_point_only,False,38.965702,-75.768863
data/raw/naip_tiles_pc_4band_full/site_0011.tif,Matthew Hoff/Coldsprings Farms,Carroll,dairy_cattle,dairy,1230,dairy_cattle,168.0,96.0,1.0,206640.0,118080.0,0,0.0,registry_point_only,False,39.5346716,-77.13598023
data/raw/naip_tiles_pc_4band_full/site_0001.tif,"Cal-Maine Foods, Inc.-Layers",Cecil,laying_hens_dry_manure,poultry_other,2003838,layer_chicken,1.08,0.86,1.0,2164145.04,1723300.68,7,23299.5,detected_buildings,False,39.41030574,-75.80827072
data/raw/naip_tiles_pc_4band_full/site_0007.tif,Dwight Brandenburg/Brandenburg Family Limited Partnership,Frederick,cattle_includes_heifers,beef,817,beef_cattle,125.0,87.0,1.0,102125.0,71079.0,1,739.0,detected_buildings,False,39.40760658,-77.6317816
data/raw/naip_tiles_pc_4band_full/site_0006.tif,Oak Bluff Dairy Farms,Frederick,dairy_cattle,dairy,1280,dairy_cattle,168.0,96.0,1.0,215040.0,122880.0,0,0.0,registry_point_only,False,39.52346893,-77.29351303
data/raw/naip_tiles_pc_4band_full/site_0008.tif,"Mason Dixon Farms, Inc",Frederick,dairy_cattle,dairy,2612,dairy_cattle,168.0,96.0,1.0,438816.0,250752.0,0,0.0,registry_point_only,False,39.725,-77.2875
data/raw/naip_tiles_pc_4band_full/site_0014.tif,Marvin Callahan/Bartlett Farm,Queen Anne's,chickens_not_laying_hens,broiler,65000,broiler_chicken,0.91,0.63,6.5,384475.0,266175.0,3,6738.200000000001,detected_buildings,False,38.940726,-76.03364563
data/raw/naip_tiles_pc_4band_full/site_0012.tif,Sheraz Chaudhry/Noor Farm,Dorchester,chickens_not_laying_hens,broiler,142400,broiler_chicken,0.91,0.63,6.5,842296.0,583128.0,6,15142.3,detected_buildings,False,38.68039271,-75.76123311
data/raw/naip_tiles_pc_4band_full/site_0010.tif,"Aksmah, LLC c/o Mohammad Nasir",Worcester,chickens_not_laying_hens,broiler,234000,broiler_chicken,0.91,0.63,6.5,1384110.0,958230.0,12,32005.800000000003,detected_buildings,False,38.09533267,-75.46861182
data/raw/naip_tiles_pc_4band_full/site_0000.tif,"Teabow, Incorporated",Frederick,dairy_cattle,dairy,1764,dairy_cattle,168.0,96.0,1.0,296352.0,169344.0,0,0.0,registry_point_only,False,39.5149411,-77.34465988
data/raw/naip_tiles_pc_4band_full/site_0013.tif,Mizael Oliveira,Queen Anne's,chickens_not_laying_hens,broiler,37800,broiler_chicken,0.91,0.63,6.5,223587.0,154791.0,1,740.2,detected_buildings,False,39.16699404,-75.93225022
data/raw/naip_tiles_pc_4band_full/site_0022.tif,Kenny L. Eck,Queen Anne's,chickens_not_laying_hens,broiler,187200,broiler_chicken,0.91,0.63,6.5,1107288.0,766584.0,6,22292.5,detected_buildings,False,39.13333481,-75.86851055
data/raw/naip_tiles_pc_4band_full/site_0021.tif,"Bryan Smith/Mar Del View Farms, LLC",Queen Anne's,chickens_not_laying_hens,broiler,43400,broiler_chicken,0.91,0.63,6.5,256711.0,177723.0,2,2654.1,detected_buildings,False,39.19677326,-75.75811512
data/raw/naip_tiles_pc_4band_full/site_0019.tif,David Denny/B & B Denny LLC,Queen Anne's,chickens_not_laying_hens,broiler,67000,broiler_chicken,0.91,0.63,6.5,396305.0,274365.0,4,11810.6,detected_buildings,False,38.94383944,-76.01756739
data/raw/naip_tiles_pc_4band_full/site_0024.tif,Andrew L. McLean/Relief Farm,Queen Anne's,chickens_not_laying_hens,broiler,180000,broiler_chicken,0.91,0.63,6.5,1064700.0,737100.0,6,17621.199999999997,detected_buildings,False,39.03841948,-75.92888738
data/raw/naip_tiles_pc_4band_full/site_0016.tif,Jennifer Rhodes/Deerfield Farm,Queen Anne's,chickens_not_laying_hens,broiler,59100,broiler_chicken,0.91,0.63,6.5,349576.5,242014.5,2,1648.5,detected_buildings,False,39.074236,-76.04821525
data/raw/naip_tiles_pc_4band_full/site_0023.tif,Christopher Wright Farm,Queen Anne's,chickens_not_laying_hens,broiler,77000,broiler_chicken,0.91,0.63,6.5,455455.0,315315.0,4,5120.0,detected_buildings,False,39.15751854,-75.88538703
data/raw/naip_tiles_pc_4band_full/site_0015.tif,Jennifer L. Kunes/Chick-A-Dee-Doo-Dah,Queen Anne's,chickens_not_laying_hens,broiler,75000,broiler_chicken,0.91,0.63,6.5,443625.0,307125.0,2,5250.8,detected_buildings,False,39.21164302,-75.91028748
data/raw/naip_tiles_pc_4band_full/site_0009.tif,"Cobb-Heritage, LLC Farms #15 &17",Somerset,chickens_not_laying_hens,broiler,36000,broiler_chicken,0.91,0.63,6.5,212940.0,147420.0,4,3556.0,detected_buildings,False,38.19942801,-75.73314574
data/raw/naip_tiles_pc_4band_full/site_0020.tif,"Dan Heller/Stillwater Ventures, LLC",Queen Anne's,chickens_not_laying_hens,broiler,140000,broiler_chicken,0.91,0.63,6.5,828100.0,573300.0,4,5635.5,detected_buildings,False,39.09636425,-75.95723724
data/raw/naip_tiles_pc_4band_full/site_0027.tif,Serenity Farm,Queen Anne's,chickens_not_laying_hens,broiler,98800,broiler_chicken,0.91,0.63,6.5,584402.0,404586.0,5,14545.5,detected_buildings,False,39.03075446,-76.1234623
data/raw/naip_tiles_pc_4band_full/site_0017.tif,Walter Denny/Denny Farm LLC,Queen Anne's,chickens_not_laying_hens,broiler,79000,broiler_chicken,0.91,0.63,6.5,467285.0,323505.0,6,7412.400000000001,detected_buildings,False,38.97344378,-75.96940582
data/raw/naip_tiles_pc_4band_full/site_0018.tif,Eric Pardee,Kent,chickens_not_laying_hens,broiler,169000,broiler_chicken,0.91,0.63,6.5,999635.0,692055.0,8,15239.2,detected_buildings,False,39.23752583,-75.96200128
data/raw/naip_tiles_pc_4band_full/site_0026.tif,Robert W. McCormick/Sandy Brae Farm,Queen Anne's,chickens_not_laying_hens,broiler,90000,broiler_chicken,0.91,0.63,6.5,532350.0,368550.0,3,6945.7,detected_buildings,False,39.14951779,-75.77872131
data/raw/naip_tiles_pc_4band_full/site_0028.tif,John Scott Dulin/S&K Farm,Queen Anne's,chickens_not_laying_hens,broiler,120000,broiler_chicken,0.91,0.63,6.5,709800.0,491400.0,1,650.1,detected_buildings,False,39.0448,-76.0664
data/raw/naip_tiles_pc_4band_full/site_0032.tif,"W. Frank Barnes, Jr./Fairfield Farm",Kent,chickens_not_laying_hens,broiler,88000,broiler_chicken,0.91,0.63,6.5,520520.0,360360.0,4,8495.0,detected_buildings,False,39.22717847,-76.1788403
data/raw/naip_tiles_pc_4band_full/site_0029.tif,John Cannon/Stowman Farm,Queen Anne's,chickens_not_laying_hens,broiler,121200,broiler_chicken,0.91,0.63,6.5,716898.0,496314.0,3,14274.400000000001,detected_buildings,False,39.08660233,-76.05793266
data/raw/naip_tiles_pc_4band_full/site_0030.tif,William R. Darling Jr./Trinity Farm,Queen Anne's,chickens_not_laying_hens,broiler,104000,broiler_chicken,0.91,0.63,6.5,615160.0,425880.0,4,13341.6,detected_buildings,False,39.18301343,-75.80541188
data/raw/naip_tiles_pc_4band_full/site_0034.tif,Gerard Dumsha/Go Away Acres Farm Inc.,Somerset,chickens_not_laying_hens,broiler,98800,broiler_chicken,0.91,0.63,6.5,584402.0,404586.0,4,9604.4,detected_buildings,False,38.17697076,-75.68243555
data/raw/naip_tiles_pc_4band_full/site_0025.tif,William Robinson/R Place Farm,Queen Anne's,chickens_not_laying_hens,broiler,306300,broiler_chicken,0.91,0.63,6.5,1811764.5,1254298.5,5,13602.8,detected_buildings,False,39.13370938,-75.90958555
data/raw/naip_tiles_pc_4band_full/site_0035.tif,Eric Bedsworth,Somerset,chickens_not_laying_hens,broiler,77600,broiler_chicken,0.91,0.63,6.5,459004.0,317772.0,4,4169.5,detected_buildings,False,38.21127136,-75.78303459
data/raw/naip_tiles_pc_4band_full/site_0039.tif,David Hoffman,Somerset,chickens_not_laying_hens,broiler,156400,broiler_chicken,0.91,0.63,6.5,925106.0,640458.0,4,11447.0,detected_buildings,False,38.08787028,-75.58507347
data/raw/naip_tiles_pc_4band_full/site_0036.tif,Bach Farm LLC/ Hung Duy Bach,Somerset,chickens_not_laying_hens,broiler,111000,broiler_chicken,0.91,0.63,6.5,656565.0,454545.0,4,7262.0,detected_buildings,False,38.23360517,-75.7602758
data/raw/naip_tiles_pc_4band_full/site_0031.tif,Village View Farm,Queen Anne's,chickens_not_laying_hens,broiler,60000,broiler_chicken,0.91,0.63,6.5,354900.0,245700.0,2,5272.8,detected_buildings,False,39.14371713,-75.85873495
data/raw/naip_tiles_pc_4band_full/site_0033.tif,Hien Tran and Minh Ma/Coco/Juki Farm,Worcester,chickens_not_laying_hens,broiler,90000,broiler_chicken,0.91,0.63,6.5,532350.0,368550.0,4,8652.0,detected_buildings,False,38.01399063,-75.60141015
data/raw/naip_tiles_pc_4band_full/site_0043.tif,"Roy Johnson Ring, III/Ring Farms",Somerset,chickens_not_laying_hens,broiler,38000,broiler_chicken,0.91,0.63,6.5,224770.0,155610.0,0,0.0,registry_point_only,False,38.12843002,-75.73617194
data/raw/naip_tiles_pc_4band_full/site_0041.tif,Alan Butler/A&P Farm,Somerset,chickens_not_laying_hens,broiler,114000,broiler_chicken,0.91,0.63,6.5,674310.0,466830.0,14,36487.200000000004,detected_buildings,False,38.00465504,-75.6401911
data/raw/naip_tiles_pc_4band_full/site_0040.tif,"Vy Tran, LLC/ Vy Tran",Somerset,chickens_not_laying_hens,broiler,170000,broiler_chicken,0.91,0.63,6.5,1005550.0,696150.0,8,16345.2,detected_buildings,False,38.21546777,-75.651634
data/raw/naip_tiles_pc_4band_full/site_0038.tif,Tracy Chan/Casa Grande Farm,Somerset,chickens_not_laying_hens,broiler,190000,broiler_chicken,0.91,0.63,6.5,1123850.0,778050.0,6,14787.0,detected_buildings,False,37.98305493,-75.8288529
data/raw/naip_tiles_pc_4band_full/site_0052.tif,William Michael Dryden,Somerset,chickens_not_laying_hens,broiler,110000,broiler_chicken,0.91,0.63,6.5,650650.0,450450.0,3,12345.6,detected_buildings,False,38.06883193,-75.62700725
data/raw/naip_tiles_pc_4band_full/site_0045.tif,"Rondeb Family Farm, LLC/Deborah D. Love",Caroline,chickens_not_laying_hens,broiler,50000,broiler_chicken,0.91,0.63,6.5,295750.0,204750.0,3,4707.5,detected_buildings,False,38.80637828,-75.80204027
data/raw/naip_tiles_pc_4band_full/site_0037.tif,Lich Cao/LC Farm,Somerset,chickens_not_laying_hens,broiler,180000,broiler_chicken,0.91,0.63,6.5,1064700.0,737100.0,4,4337.1,detected_buildings,False,38.00844989,-75.77403125
data/raw/naip_tiles_pc_4band_full/site_0042.tif,Brian Laird Farm,Somerset,chickens_not_laying_hens,broiler,77500,broiler_chicken,0.91,0.63,6.5,458412.5,317362.5,1,2219.4,detected_buildings,False,38.19297203,-75.77651809
data/raw/naip_tiles_pc_4band_full/site_0046.tif,Hrang LLC,Somerset,chickens_not_laying_hens,broiler,170000,broiler_chicken,0.91,0.63,6.5,1005550.0,696150.0,7,15944.2,detected_buildings,False,38.17800157,-75.8027818
data/raw/naip_tiles_pc_4band_full/site_0058.tif,"Smithville View Farm, LLC/Howard MacDonald",Caroline,chickens_not_laying_hens,broiler,44000,broiler_chicken,0.91,0.63,6.5,260260.0,180180.0,6,17222.3,detected_buildings,False,38.81415384,-75.78629424
data/raw/naip_tiles_pc_4band_full/site_0048.tif,Peter and Joseph Farm Inc. c/o Peter Tran,Somerset,chickens_not_laying_hens,broiler,238400,broiler_chicken,0.91,0.63,6.5,1410136.0,976248.0,9,19051.7,detected_buildings,False,38.21871665,-75.6502387
data/raw/naip_tiles_pc_4band_full/site_0047.tif,"Barkat Farms, LLC",Somerset,chickens_not_laying_hens,broiler,135000,broiler_chicken,0.91,0.63,6.5,798525.0,552825.0,2,10120.8,detected_buildings,False,38.22228548,-75.6229005
data/raw/naip_tiles_pc_4band_full/site_0044.tif,James Randall Laird/Randy Laird Farm,Somerset,chickens_not_laying_hens,broiler,72000,broiler_chicken,0.91,0.63,6.5,425880.0,294840.0,5,8851.6,detected_buildings,False,37.96949315,-75.82790258
data/raw/naip_tiles_pc_4band_full/site_0049.tif,Nathan Wolf/Wolf Farm,Dorchester,chickens_not_laying_hens,broiler,60000,broiler_chicken,0.91,0.63,6.5,354900.0,245700.0,7,14561.699999999999,detected_buildings,False,38.61890097,-75.78110181
data/raw/naip_tiles_pc_4band_full/site_0054.tif,Brock Johnson,Caroline,chickens_not_laying_hens,broiler,59000,broiler_chicken,0.91,0.63,6.5,348985.0,241605.0,3,3165.4,detected_buildings,False,38.71072123,-75.93533383
data/raw/naip_tiles_pc_4band_full/site_0050.tif,"M&C Vessey Farm, Inc/Cuckoo's Nest Farm",Somerset,chickens_not_laying_hens,broiler,240000,broiler_chicken,0.91,0.63,6.5,1419600.0,982800.0,10,24385.3,detected_buildings,False,38.05351183,-75.65275693
data/raw/naip_tiles_pc_4band_full/site_0056.tif,Mark S. Callahan,Caroline,chickens_not_laying_hens,broiler,57900,broiler_chicken,0.91,0.63,6.5,342478.5,237100.5,3,5066.7,detected_buildings,False,38.92077334,-75.89974003
data/raw/naip_tiles_pc_4band_full/site_0060.tif,Goldsborough James Stafford III,Caroline,chickens_not_laying_hens,broiler,51000,broiler_chicken,0.91,0.63,6.5,301665.0,208845.0,8,11883.1,detected_buildings,False,38.7780311,-75.74618639
data/raw/naip_tiles_pc_4band_full/site_0057.tif,Martin Cheesman,Caroline,chickens_not_laying_hens,broiler,42000,broiler_chicken,0.91,0.63,6.5,248430.0,171990.0,4,10187.5,detected_buildings,False,38.72289764,-75.81526932
data/raw/naip_tiles_pc_4band_full/site_0053.tif,Howard Overholt/Honeysuckle Farm Inc.,Somerset,chickens_not_laying_hens,broiler,216000,broiler_chicken,0.91,0.63,6.5,1277640.0,884520.0,7,17464.9,detected_buildings,False,38.08005171,-75.64716707
data/raw/naip_tiles_pc_4band_full/site_0051.tif,"Chinh Nguyen/A, B, C Farms",Worcester,chickens_not_laying_hens,broiler,333000,broiler_chicken,0.91,0.63,6.5,1969695.0,1363635.0,10,23339.1,detected_buildings,False,38.05155848,-75.57985102
data/raw/naip_tiles_pc_4band_full/site_0055.tif,Katie Frase/Worm Farm,Caroline,chickens_not_laying_hens,broiler,75000,broiler_chicken,0.91,0.63,6.5,443625.0,307125.0,3,6593.3,detected_buildings,False,38.78671984,-75.90659211
data/raw/naip_tiles_pc_4band_full/site_0066.tif,George Bowman/Hidden River Farm,Caroline,chickens_not_laying_hens,broiler,65000,broiler_chicken,0.91,0.63,6.5,384475.0,266175.0,3,6580.4,detected_buildings,False,38.9436657,-75.82044507
data/raw/naip_tiles_pc_4band_full/site_0064.tif,Nathan Holsey,Caroline,chickens_not_laying_hens,broiler,86000,broiler_chicken,0.91,0.63,6.5,508690.0,352170.0,9,22120.1,detected_buildings,False,39.12812708,-75.77464955
data/raw/naip_tiles_pc_4band_full/site_0059.tif,Alan C. Eck Farm,Queen Anne's,chickens_not_laying_hens,broiler,370500,broiler_chicken,0.91,0.63,6.5,2191507.5,1517197.5,0,0.0,registry_point_only,False,39.08932054,-75.85078381
data/raw/naip_tiles_pc_4band_full/site_0063.tif,Hannah Jones,Caroline,unknown,unknown,0,,,,,0.0,0.0,4,6035.3,detected_buildings,True,38.90793312,-75.7752353
data/raw/naip_tiles_pc_4band_full/site_0071.tif,Kevin Russell Fishell/K-Russ Farm,Caroline,chickens_not_laying_hens,broiler,66000,broiler_chicken,0.91,0.63,6.5,390390.0,270270.0,6,11780.6,detected_buildings,False,38.75813949,-75.80624047
data/raw/naip_tiles_pc_4band_full/site_0067.tif,"William R. Thomas, Jr./Three Bridges Farm",Caroline,chickens_not_laying_hens,broiler,73000,broiler_chicken,0.91,0.63,6.5,431795.0,298935.0,5,19272.8,detected_buildings,False,38.73917163,-75.81488655
data/raw/naip_tiles_pc_4band_full/site_0062.tif,Dale M. Harrison/Harrison Farm,Caroline,chickens_not_laying_hens,broiler,38000,broiler_chicken,0.91,0.63,6.5,224770.0,155610.0,2,2933.2,detected_buildings,False,38.70721925,-75.92059429
data/raw/naip_tiles_pc_4band_full/site_0065.tif,"Jack Holt, Jr.",Queen Anne's,chickens_not_laying_hens,broiler,120000,broiler_chicken,0.91,0.63,6.5,709800.0,491400.0,13,32826.1,detected_buildings,False,39.13244682,-75.80073036
data/raw/naip_tiles_pc_4band_full/site_0069.tif,James Donald Dulin,Caroline,chickens_not_laying_hens,broiler,57600,broiler_chicken,0.91,0.63,6.5,340704.0,235872.0,3,4906.1,detected_buildings,False,38.78404021,-75.78915508
data/raw/naip_tiles_pc_4band_full/site_0075.tif,Charles Matthews,Caroline,chickens_not_laying_hens,broiler,60000,broiler_chicken,0.91,0.63,6.5,354900.0,245700.0,8,16568.7,detected_buildings,False,38.73555472,-75.81102225
data/raw/naip_tiles_pc_4band_full/site_0068.tif,James Gargani,Caroline,chickens_not_laying_hens,broiler,99900,broiler_chicken,0.91,0.63,6.5,590908.5,409090.5,5,14102.4,detected_buildings,False,38.7606816,-75.77791374
data/raw/naip_tiles_pc_4band_full/site_0061.tif,Christopher D. Harris/Home Farm,Caroline,chickens_not_laying_hens,broiler,57200,broiler_chicken,0.91,0.63,6.5,338338.0,234234.0,3,3940.0,detected_buildings,False,39.10658098,-75.79934148
data/raw/naip_tiles_pc_4band_full/site_0072.tif,"Lohmeyers Farm, Inc. c/o Brian Lohmeyer",Caroline,chickens_not_laying_hens,broiler,72000,broiler_chicken,0.91,0.63,6.5,425880.0,294840.0,4,11310.2,detected_buildings,False,38.91378949,-75.7447563
data/raw/naip_tiles_pc_4band_full/site_0078.tif,"Morgan Mill Poultry Houses, LLC/Doris Meredith",Caroline,chickens_not_laying_hens,broiler,40000,broiler_chicken,0.91,0.63,6.5,236600.0,163800.0,1,1629.6,detected_buildings,False,38.7519355,-75.78666174
data/raw/naip_tiles_pc_4band_full/site_0081.tif,Ishtiaq Ahmed ChaudhryGhousia Farm LLC,Dorchester,chickens_not_laying_hens,broiler,219000,broiler_chicken,0.91,0.63,6.5,1295385.0,896805.0,12,45600.6,detected_buildings,False,38.56109808,-75.92089876
data/raw/naip_tiles_pc_4band_full/site_0080.tif,Oakland View Farms LLC,Caroline,dairy_cattle,dairy,1465,dairy_cattle,168.0,96.0,1.0,246120.0,140640.0,1,711.8,detected_buildings,False,39.00935792,-75.86743537
data/raw/naip_tiles_pc_4band_full/site_0074.tif,Yang Hyuk Lim/Holly Way Farm,Caroline,chickens_not_laying_hens,broiler,136500,broiler_chicken,0.91,0.63,6.5,807397.5,558967.5,5,13272.9,detected_buildings,False,38.91958407,-75.85586268
data/raw/naip_tiles_pc_4band_full/site_0073.tif,Dylan Palmatory,Caroline,chickens_not_laying_hens,broiler,50000,broiler_chicken,0.91,0.63,6.5,295750.0,204750.0,2,4211.8,detected_buildings,False,39.03631057,-75.84449458
data/raw/naip_tiles_pc_4band_full/site_0077.tif,Fazal Rehman Kayani/Minahil LLC,Caroline,chickens_not_laying_hens,broiler,47000,broiler_chicken,0.91,0.63,6.5,278005.0,192465.0,3,2925.5,detected_buildings,False,38.70730368,-75.8186128
data/raw/naip_tiles_pc_4band_full/site_0079.tif,Mark Monath/Mark & Brenda Monath,Caroline,chickens_not_laying_hens,broiler,114300,broiler_chicken,0.91,0.63,6.5,676084.5,468058.5,3,5084.9,detected_buildings,False,38.77749637,-75.80774319
data/raw/naip_tiles_pc_4band_full/site_0070.tif,Lloyd Gaugler Sr./Kanalat Farm,Caroline,chickens_not_laying_hens,broiler,78000,broiler_chicken,0.91,0.63,6.5,461370.0,319410.0,3,4453.700000000001,detected_buildings,False,38.717602,-75.77338173
data/raw/naip_tiles_pc_4band_full/site_0082.tif,Zhi Sheng Lin/Sheng Lin Farm,Caroline,chickens_not_laying_hens,broiler,203000,broiler_chicken,0.91,0.63,6.5,1200745.0,831285.0,7,8572.9,detected_buildings,False,38.69861735,-75.74187766
data/raw/naip_tiles_pc_4band_full/site_0076.tif,"Martin E. Collison, Jr./ Marzel Farm",Caroline,chickens_not_laying_hens,broiler,148800,broiler_chicken,0.91,0.63,6.5,880152.0,609336.0,8,11455.2,detected_buildings,False,38.97237418,-75.77062793
data/raw/naip_tiles_pc_4band_full/site_0083.tif,Paul Towers Sr./P&J Farm,Caroline,chickens_not_laying_hens,broiler,98800,broiler_chicken,0.91,0.63,6.5,584402.0,404586.0,4,8314.6,detected_buildings,False,38.90854337,-75.77289082
data/raw/naip_tiles_pc_4band_full/site_0084.tif,Gary Geisel/Pepper Ridge Farm,Caroline,chickens_not_laying_hens,broiler,154900,broiler_chicken,0.91,0.63,6.5,916233.5,634315.5,4,13199.599999999999,detected_buildings,False,38.8884529,-75.77179442
data/raw/naip_tiles_pc_4band_full/site_0085.tif,Benjamin Taylor,Caroline,chickens_not_laying_hens,broiler,120000,broiler_chicken,0.91,0.63,6.5,709800.0,491400.0,5,13008.6,detected_buildings,False,38.72186022,-75.88825547
data/raw/naip_tiles_pc_4band_full/site_0090.tif,"Robert A. Jester, Jr./Jester Farm",Caroline,chickens_not_laying_hens,broiler,94000,broiler_chicken,0.91,0.63,6.5,556010.0,384930.0,12,42973.5,detected_buildings,False,38.77237394,-75.75818483
data/raw/naip_tiles_pc_4band_full/site_0089.tif,"Possum Hill Farms, Inc.",Caroline,chickens_not_laying_hens,broiler,159000,broiler_chicken,0.91,0.63,6.5,940485.0,651105.0,9,23154.9,detected_buildings,False,38.77753253,-75.74356002
data/raw/naip_tiles_pc_4band_full/site_0086.tif,Dan Dan Cai/Sunny Lin Farm,Caroline,chickens_not_laying_hens,broiler,84000,broiler_chicken,0.91,0.63,6.5,496860.0,343980.0,6,13121.2,detected_buildings,False,38.83016391,-75.75805905
data/raw/naip_tiles_pc_4band_full/site_0093.tif,Alton Cusick,Caroline,chickens_not_laying_hens,broiler,73000,broiler_chicken,0.91,0.63,6.5,431795.0,298935.0,5,8135.8,detected_buildings,False,38.75113599,-75.96188493
data/raw/naip_tiles_pc_4band_full/site_0097.tif,Zeke E. Collins/Z&L Farms,Wicomico,chickens_not_laying_hens,broiler,142000,broiler_chicken,0.91,0.63,6.5,839930.0,581490.0,7,14610.0,detected_buildings,False,38.43473279,-75.64563011
data/raw/naip_tiles_pc_4band_full/site_0087.tif,"Schmick Farms, Inc.",Caroline,chickens_not_laying_hens,broiler,57600,broiler_chicken,0.91,0.63,6.5,340704.0,235872.0,3,4941.5,detected_buildings,False,38.69998431,-75.92383002
data/raw/naip_tiles_pc_4band_full/site_0098.tif,"M. David Wood, Jr./Wood Enterprise and Wood Encounter",Caroline,chickens_not_laying_hens,broiler,245600,broiler_chicken,0.91,0.63,6.5,1452724.0,1005732.0,6,16523.2,detected_buildings,False,38.85762747,-75.88340369
data/raw/naip_tiles_pc_4band_full/site_0092.tif,Joseph Parmer,Caroline,chickens_not_laying_hens,broiler,56000,broiler_chicken,0.91,0.63,6.5,331240.0,229320.0,3,4149.700000000001,detected_buildings,False,38.74023094,-75.90947552
data/raw/naip_tiles_pc_4band_full/site_0094.tif,Tuckahoe River Farm Poultry LLC c/o Troy Tribbett,Caroline,chickens_not_laying_hens,broiler,222600,broiler_chicken,0.91,0.63,6.5,1316679.0,911547.0,11,38978.8,detected_buildings,False,38.84460064,-75.90424331
data/raw/naip_tiles_pc_4band_full/site_0096.tif,Bobbie Reed/Winterhawk Farm,Caroline,chickens_not_laying_hens,broiler,52200,broiler_chicken,0.91,0.63,6.5,308763.0,213759.0,2,3147.3,detected_buildings,False,38.95251924,-75.76675465
data/raw/naip_tiles_pc_4band_full/site_0099.tif,"Charles Nau, Jr.",Kent,chickens_not_laying_hens,broiler,42500,broiler_chicken,0.91,0.63,6.5,251387.5,174037.5,2,3745.4,detected_buildings,False,39.32616529,-75.96747789
data/raw/naip_tiles_pc_4band_full/site_0101.tif,"Chesapeake Chickens, LLC/Andrew Harrington",Dorchester,chickens_not_laying_hens,broiler,183000,broiler_chicken,0.91,0.63,6.5,1082445.0,749385.0,6,18585.6,detected_buildings,False,38.50811244,-76.08057891
data/raw/naip_tiles_pc_4band_full/site_0091.tif,Dylan Patterson/Dylan Patterson Farm,Caroline,chickens_not_laying_hens,broiler,84900,broiler_chicken,0.91,0.63,6.5,502183.5,347665.5,3,6914.299999999999,detected_buildings,False,39.08032918,-75.77055467
data/raw/naip_tiles_pc_4band_full/site_0105.tif,Amy Tran/Wings and a Prayer Farm,Somerset,chickens_not_laying_hens,broiler,123500,broiler_chicken,0.91,0.63,6.5,730502.5,505732.5,3,8268.6,detected_buildings,False,38.06176466,-75.70120352
data/raw/naip_tiles_pc_4band_full/site_0100.tif,AR Farm LLC/Mohammad Rehman,Worcester,chickens_not_laying_hens,broiler,63500,broiler_chicken,0.91,0.63,6.5,375602.5,260032.5,2,1405.2,detected_buildings,False,38.06973665,-75.45526925
data/raw/naip_tiles_pc_4band_full/site_0107.tif,S.H.L. Anderson Inc.,Somerset,chickens_not_laying_hens,broiler,65400,broiler_chicken,0.91,0.63,6.5,386841.0,267813.0,4,8326.5,detected_buildings,False,38.19664997,-75.80480301
data/raw/naip_tiles_pc_4band_full/site_0095.tif,"David Tribbett, Jr./River Road Farm",Caroline,chickens_not_laying_hens,broiler,56000,broiler_chicken,0.91,0.63,6.5,331240.0,229320.0,1,1351.6,detected_buildings,False,38.96006595,-75.85772451
data/raw/naip_tiles_pc_4band_full/site_0106.tif,"Chaudhry Farm, LLC/Pervaiz Akhtar",Somerset,chickens_not_laying_hens,broiler,92400,broiler_chicken,0.91,0.63,6.5,546546.0,378378.0,6,18454.4,detected_buildings,False,38.06748485,-75.69499505
data/raw/naip_tiles_pc_4band_full/site_0108.tif,"Chaudhry Farm, LLC/Pervaiz Akhtar",Somerset,chickens_not_laying_hens,broiler,146000,broiler_chicken,0.91,0.63,6.5,863590.0,597870.0,4,14739.7,detected_buildings,False,37.99208982,-75.81516095
data/raw/naip_tiles_pc_4band_full/site_0110.tif,"Jadwins Farm, LLC/ John F. Williams III",Talbot,chickens_not_laying_hens,broiler,92000,broiler_chicken,0.91,0.63,6.5,544180.0,376740.0,0,0.0,registry_point_only,False,38.84045108,-75.93904467
data/raw/naip_tiles_pc_4band_full/site_0102.tif,Tuan Do/Tuan Farm,Somerset,chickens_not_laying_hens,broiler,249000,broiler_chicken,0.91,0.63,6.5,1472835.0,1019655.0,6,16391.1,detected_buildings,False,38.21792584,-75.64487312
data/raw/naip_tiles_pc_4band_full/site_0103.tif,Robin Meekins/Jews Farm,Dorchester,chickens_not_laying_hens,broiler,112000,broiler_chicken,0.91,0.63,6.5,662480.0,458640.0,4,10051.1,detected_buildings,False,38.47296585,-76.07148211
data/raw/naip_tiles_pc_4band_full/site_0109.tif,Aubrey Storm/First Frost Farm,Talbot,chickens_not_laying_hens,broiler,47000,broiler_chicken,0.91,0.63,6.5,278005.0,192465.0,3,9493.3,detected_buildings,False,38.83371263,-76.00136398
data/raw/naip_tiles_pc_4band_full/site_0104.tif,Ryan Marshall/Beech Creek Farm,Wicomico,chickens_not_laying_hens,broiler,176000,broiler_chicken,0.91,0.63,6.5,1041040.0,720720.0,6,20915.899999999998,detected_buildings,False,38.31963954,-75.42383122
data/raw/naip_tiles_pc_4band_full/site_0088.tif,Smithville View Farm LLC,Caroline,chickens_not_laying_hens,broiler,121800,broiler_chicken,0.91,0.63,6.5,720447.0,498771.0,19,34888.5,detected_buildings,False,38.77597765,-75.74959621
data/raw/naip_tiles_pc_4band_full/site_0111.tif,Richard C. Hall/Hopeful Harvest & Halladise Farms,Dorchester,chickens_not_laying_hens,broiler,121000,broiler_chicken,0.91,0.63,6.5,715715.0,495495.0,13,36908.6,detected_buildings,False,38.56150908,-75.91062138
data/raw/naip_tiles_pc_4band_full/site_0116.tif,Rhonda Donaway/Gator Farm,Wicomico,chickens_not_laying_hens,broiler,104000,broiler_chicken,0.91,0.63,6.5,615160.0,425880.0,30,85317.4,detected_buildings,False,38.42709038,-75.37039159
data/raw/naip_tiles_pc_4band_full/site_0113.tif,Susan Driscoll/Blackwater Farms,Wicomico,chickens_not_laying_hens,broiler,62000,broiler_chicken,0.91,0.63,6.5,366730.0,253890.0,2,3415.7000000000003,detected_buildings,False,38.45534322,-75.66463569
data/raw/naip_tiles_pc_4band_full/site_0117.tif,"Conaway Farms, LLC c/o Scott Conaway/Country Time",Wicomico,chickens_not_laying_hens,broiler,130000,broiler_chicken,0.91,0.63,6.5,768950.0,532350.0,11,33668.1,detected_buildings,False,38.39424322,-75.50447964
data/raw/naip_tiles_pc_4band_full/site_0118.tif,"Conaway Farms, LLC c/o Scott Conaway/Country Comforts",Wicomico,chickens_not_laying_hens,broiler,90000,broiler_chicken,0.91,0.63,6.5,532350.0,368550.0,10,28118.0,detected_buildings,False,38.39842919,-75.50255276
data/raw/naip_tiles_pc_4band_full/site_0112.tif,Sung Park/Bethel Farm,Wicomico,chickens_not_laying_hens,broiler,72500,broiler_chicken,0.91,0.63,6.5,428837.5,296887.5,2,3294.0,detected_buildings,False,38.30366923,-75.60250677
data/raw/naip_tiles_pc_4band_full/site_0114.tif,Double Z Enterprises c/o Zeke E. Collins/Buck & Rut Farm,Wicomico,chickens_not_laying_hens,broiler,49400,broiler_chicken,0.91,0.63,6.5,292201.0,202293.0,2,3977.5,detected_buildings,False,38.4648148,-75.78768961
data/raw/naip_tiles_pc_4band_full/site_0126.tif,Barry Brent Ickes/Ickes Farm,Wicomico,chickens_not_laying_hens,broiler,122500,broiler_chicken,0.91,0.63,6.5,724587.5,501637.5,2,3445.8,detected_buildings,False,38.30884676,-75.370819
data/raw/naip_tiles_pc_4band_full/site_0122.tif,David Shockley/Hardway Farm,Wicomico,chickens_not_laying_hens,broiler,112600,broiler_chicken,0.91,0.63,6.5,666029.0,461097.0,4,7661.7,detected_buildings,False,38.4043046,-75.47297867
data/raw/naip_tiles_pc_4band_full/site_0115.tif,Dustin Calloway/Clay Island Farm,Wicomico,unknown,unknown,0,,,,,0.0,0.0,9,17944.0,detected_buildings,True,38.4297906,-75.78840239
data/raw/naip_tiles_pc_4band_full/site_0121.tif,Jong Kil Won/Hallelujah Farm,Wicomico,chickens_not_laying_hens,broiler,98500,broiler_chicken,0.91,0.63,6.5,582627.5,403357.5,3,7356.7,detected_buildings,False,38.40375488,-75.40577637
data/raw/naip_tiles_pc_4band_full/site_0123.tif,Hind H. ElBaf/Hind Farm,Wicomico,chickens_not_laying_hens,broiler,103000,broiler_chicken,0.91,0.63,6.5,609245.0,421785.0,3,7213.6,detected_buildings,False,38.40399891,-75.43158987
data/raw/naip_tiles_pc_4band_full/site_0120.tif,Mohammad Arshad,Wicomico,chickens_not_laying_hens,broiler,132000,broiler_chicken,0.91,0.63,6.5,780780.0,540540.0,30,82198.8,detected_buildings,False,38.45116276,-75.38454228
data/raw/naip_tiles_pc_4band_full/site_0127.tif,William T. Marshall/MT Marshall Farm,Wicomico,chickens_not_laying_hens,broiler,88000,broiler_chicken,0.91,0.63,6.5,520520.0,360360.0,5,7681.5,detected_buildings,False,38.33189609,-75.40600591
data/raw/naip_tiles_pc_4band_full/site_0125.tif,Patricia Gordy/Itty Bitty Farm,Wicomico,chickens_not_laying_hens,broiler,85300,broiler_chicken,0.91,0.63,6.5,504549.5,349303.5,2,3234.7,detected_buildings,False,38.34517813,-75.48376436
data/raw/naip_tiles_pc_4band_full/site_0128.tif,Brian Harding,Dorchester,chickens_not_laying_hens,broiler,207600,broiler_chicken,0.91,0.63,6.5,1227954.0,850122.0,0,0.0,registry_point_only,False,38.53443763,-75.86298515
data/raw/naip_tiles_pc_4band_full/site_0132.tif,Danh Tran/Danh - Loan Farm,Wicomico,chickens_not_laying_hens,broiler,100000,broiler_chicken,0.91,0.63,6.5,591500.0,409500.0,10,17648.899999999998,detected_buildings,False,38.40837723,-75.32831578
data/raw/naip_tiles_pc_4band_full/site_0130.tif,Timothy M. Wright/Muddy Bottom Farm,Wicomico,chickens_not_laying_hens,broiler,73200,broiler_chicken,0.91,0.63,6.5,432978.0,299754.0,5,9311.699999999999,detected_buildings,False,38.45530409,-75.69507092
data/raw/naip_tiles_pc_4band_full/site_0119.tif,Imtiaz Ahmed,Wicomico,chickens_not_laying_hens,broiler,91000,broiler_chicken,0.91,0.63,6.5,538265.0,372645.0,5,11009.0,detected_buildings,False,38.41925866,-75.76127587
data/raw/naip_tiles_pc_4band_full/site_0124.tif,"Jeannette Calloway and Edward Calloway, Sr.",Wicomico,chickens_not_laying_hens,broiler,164600,broiler_chicken,0.91,0.63,6.5,973609.0,674037.0,8,19402.0,detected_buildings,False,38.42519309,-75.78592654
data/raw/naip_tiles_pc_4band_full/site_0136.tif,Jason L. Sheubrooks/JACA Farm,Queen Anne's,chickens_not_laying_hens,broiler,155200,broiler_chicken,0.91,0.63,6.5,918008.0,635544.0,4,9128.2,detected_buildings,False,39.14184167,-75.93361387
data/raw/naip_tiles_pc_4band_full/site_0133.tif,Tim Nguyen/Nguyen Farm,Wicomico,chickens_not_laying_hens,broiler,70000,broiler_chicken,0.91,0.63,6.5,414050.0,286650.0,2,6185.4,detected_buildings,False,38.42831176,-75.49709312
data/raw/naip_tiles_pc_4band_full/site_0134.tif,"Hannan Farm, LLC/ Hannan Hamid (Hope 1-4 &Hope 5-7)",Wicomico,chickens_not_laying_hens,broiler,165000,broiler_chicken,0.91,0.63,6.5,975975.0,675675.0,18,50468.8,detected_buildings,False,38.44328676,-75.38573485
data/raw/naip_tiles_pc_4band_full/site_0137.tif,Zeke E. Collins/Penthouse Farm,Wicomico,chickens_not_laying_hens,broiler,47000,broiler_chicken,0.91,0.63,6.5,278005.0,192465.0,8,19345.4,detected_buildings,False,38.4423941,-75.6013421
data/raw/naip_tiles_pc_4band_full/site_0129.tif,"Esha Farm, LLC/Mohammad Ahmad",Wicomico,chickens_not_laying_hens,broiler,85600,broiler_chicken,0.91,0.63,6.5,506324.0,350532.0,1,4224.1,detected_buildings,False,38.49823564,-75.74946067
data/raw/naip_tiles_pc_4band_full/site_0135.tif,Michael Lembeck/The Sunrider Farm,Wicomico,chickens_not_laying_hens,broiler,67600,broiler_chicken,0.91,0.63,6.5,399854.0,276822.0,1,1375.6,detected_buildings,False,38.34577035,-75.33645764
data/raw/naip_tiles_pc_4band_full/site_0139.tif,Daniel Rayne/Rayne Acres,Wicomico,chickens_not_laying_hens,broiler,100000,broiler_chicken,0.91,0.63,6.5,591500.0,409500.0,4,9718.5,detected_buildings,False,38.42257521,-75.36042079
data/raw/naip_tiles_pc_4band_full/site_0138.tif,Matt Campbell/Buck Oliver Farm,Wicomico,chickens_not_laying_hens,broiler,40800,broiler_chicken,0.91,0.63,6.5,241332.0,167076.0,10,21707.0,detected_buildings,False,38.45052679,-75.47711393
data/raw/naip_tiles_pc_4band_full/site_0142.tif,Sunnyside Poultry Farms,Carroll,laying_hens_dry_manure,poultry_other,398980,layer_chicken,1.08,0.86,1.0,430898.4,343122.8,0,0.0,registry_point_only,False,39.64662871,-76.97058113
data/raw/naip_tiles_pc_4band_full/site_0143.tif,Billy Tomlinson Jr./Tomlinson Farm,Wicomico,chickens_not_laying_hens,broiler,39400,broiler_chicken,0.91,0.63,6.5,233051.0,161343.0,2,4178.8,detected_buildings,False,38.358481,-75.47416646
data/raw/naip_tiles_pc_4band_full/site_0140.tif,Mary Lou Brown/Maple Breeze & Beulah Winds,Dorchester,chickens_not_laying_hens,broiler,136000,broiler_chicken,0.91,0.63,6.5,804440.0,556920.0,6,14535.6,detected_buildings,False,38.67009062,-75.89623907
data/raw/naip_tiles_pc_4band_full/site_0150.tif,Clinton W. Davidson/Rejaco Farm,Worcester,chickens_not_laying_hens,broiler,120000,broiler_chicken,0.91,0.63,6.5,709800.0,491400.0,1,847.9,detected_buildings,False,38.43527138,-75.20622663
data/raw/naip_tiles_pc_4band_full/site_0141.tif,Randy Collins/Mother Hen Farm,Dorchester,chickens_not_laying_hens,broiler,67200,broiler_chicken,0.91,0.63,6.5,397488.0,275184.0,3,5591.0,detected_buildings,False,38.63586083,-75.82314559
data/raw/naip_tiles_pc_4band_full/site_0131.tif,Tony Pham/Tiffany and Nancy Farms,Wicomico,chickens_not_laying_hens,broiler,215100,broiler_chicken,0.91,0.63,6.5,1272316.5,880834.5,7,29564.5,detected_buildings,False,38.36362535,-75.37412128
data/raw/naip_tiles_pc_4band_full/site_0146.tif,Roland Todd/Roland's Roaster's,Dorchester,chickens_not_laying_hens,broiler,159900,broiler_chicken,0.91,0.63,6.5,945808.5,654790.5,12,36306.9,detected_buildings,False,38.68913191,-75.8362708
data/raw/naip_tiles_pc_4band_full/site_0145.tif,William M. Twilley/Springdale Farm,Dorchester,chickens_not_laying_hens,broiler,70000,broiler_chicken,0.91,0.63,6.5,414050.0,286650.0,3,3181.1,detected_buildings,False,38.56964193,-75.96441842
data/raw/naip_tiles_pc_4band_full/site_0151.tif,Abby's Farm Inc.,Worcester,chickens_not_laying_hens,broiler,168800,broiler_chicken,0.91,0.63,6.5,998452.0,691236.0,0,0.0,registry_point_only,False,38.08229174,-75.44186901
data/raw/naip_tiles_pc_4band_full/site_0149.tif,S. Truitt Poultry c/o Samantha Truitt,Worcester,chickens_not_laying_hens,broiler,184000,broiler_chicken,0.91,0.63,6.5,1088360.0,753480.0,8,20150.3,detected_buildings,False,38.40797456,-75.3156899
data/raw/naip_tiles_pc_4band_full/site_0147.tif,"Wheat - Ridge Farm, Inc",Dorchester,chickens_not_laying_hens,broiler,117600,broiler_chicken,0.91,0.63,6.5,695604.0,481572.0,4,9002.1,detected_buildings,False,38.57525278,-75.73514545
data/raw/naip_tiles_pc_4band_full/site_0144.tif,Mark Nguyen/Mark & Jayden Farm,Wicomico,chickens_not_laying_hens,broiler,239000,broiler_chicken,0.91,0.63,6.5,1413685.0,978705.0,6,19838.8,detected_buildings,False,38.43725375,-75.4545727
data/raw/naip_tiles_pc_4band_full/site_0160.tif,Alan & Kristin Hudson,Worcester,unknown,unknown,0,,,,,0.0,0.0,1,934.9,detected_buildings,True,38.36419629,-75.25488358
data/raw/naip_tiles_pc_4band_full/site_0153.tif,"Chicken City, LTD. c/o Brian Derrickson",Worcester,chickens_not_laying_hens,broiler,213500,broiler_chicken,0.91,0.63,6.5,1262852.5,874282.5,15,34739.2,detected_buildings,False,38.02222663,-75.55918255
data/raw/naip_tiles_pc_4band_full/site_0163.tif,Jason Lambertson/Amen Corner/Pure Country/Millennium/RavenDiane Lambertson/ Farms (Expansion),Worcester,chickens_not_laying_hens,broiler,346000,broiler_chicken,0.91,0.63,6.5,2046590.0,1416870.0,21,60704.8,detected_buildings,False,38.06312038,-75.5045199
data/raw/naip_tiles_pc_4band_full/site_0157.tif,Stephen  W. Pusey/Grand Anse Farm,Worcester,chickens_not_laying_hens,broiler,100000,broiler_chicken,0.91,0.63,6.5,591500.0,409500.0,8,16874.0,detected_buildings,False,38.05111767,-75.56936547
data/raw/naip_tiles_pc_4band_full/site_0148.tif,Aberdeen Farm LLC,Worcester,chickens_not_laying_hens,broiler,108000,broiler_chicken,0.91,0.63,6.5,638820.0,442260.0,9,30760.4,detected_buildings,False,38.05029984,-75.53356398
data/raw/naip_tiles_pc_4band_full/site_0154.tif,Marbury Wilson Perdue III/Borrowed From God,Worcester,chickens_not_laying_hens,broiler,44400,broiler_chicken,0.91,0.63,6.5,262626.0,181818.0,1,513.0,detected_buildings,False,38.1427609,-75.32647475
data/raw/naip_tiles_pc_4band_full/site_0152.tif,Joseph E. Chisholm Jr./Big Mill Pond Farm,Worcester,chickens_not_laying_hens,broiler,65400,broiler_chicken,0.91,0.63,6.5,386841.0,267813.0,0,0.0,registry_point_only,False,38.01904105,-75.45678841
data/raw/naip_tiles_pc_4band_full/site_0156.tif,Cedar Livesstock Farm LLC,Worcester,chickens_not_laying_hens,broiler,290400,broiler_chicken,0.91,0.63,6.5,1717716.0,1189188.0,9,19221.5,detected_buildings,False,38.32140516,-75.2687002
data/raw/naip_tiles_pc_4band_full/site_0158.tif,"Choudery Farms, LLC c/o Shabbir Choudery",Worcester,chickens_not_laying_hens,broiler,239000,broiler_chicken,0.91,0.63,6.5,1413685.0,978705.0,9,15591.5,detected_buildings,False,38.11249744,-75.46294201
data/raw/naip_tiles_pc_4band_full/site_0155.tif,Virgil L. Shockley/Boondock Farm,Worcester,chickens_not_laying_hens,broiler,42000,broiler_chicken,0.91,0.63,6.5,248430.0,171990.0,1,833.9,detected_buildings,False,38.26994496,-75.39180303
data/raw/naip_tiles_pc_4band_full/site_0167.tif,"Pham Farms, LLC/ Thoan V. Pham & Peter L. Pham",Worcester,chickens_not_laying_hens,broiler,219700,broiler_chicken,0.91,0.63,6.5,1299525.5,899671.5,26,69103.1,detected_buildings,False,38.08206986,-75.4986512
data/raw/naip_tiles_pc_4band_full/site_0171.tif,Randy Bui/Me and My Chickens Farm,Worcester,chickens_not_laying_hens,broiler,206000,broiler_chicken,0.91,0.63,6.5,1218490.0,843570.0,0,0.0,registry_point_only,False,38.31611079,-75.29635662
data/raw/naip_tiles_pc_4band_full/site_0164.tif,R & S Farm Operations LLC/Swamp Farm,Worcester,chickens_not_laying_hens,broiler,100000,broiler_chicken,0.91,0.63,6.5,591500.0,409500.0,3,5434.4,detected_buildings,False,38.44301654,-75.28832907
data/raw/naip_tiles_pc_4band_full/site_0166.tif,Pebble Branch Farm LLC/John P. Kelly,Worcester,chickens_not_laying_hens,broiler,400000,broiler_chicken,0.91,0.63,6.5,2366000.0,1638000.0,11,40083.700000000004,detected_buildings,False,38.0061531,-75.5697478
data/raw/naip_tiles_pc_4band_full/site_0168.tif,David Pilchard/Pilchard & Harlee's Wings Farms,Worcester,chickens_not_laying_hens,broiler,153000,broiler_chicken,0.91,0.63,6.5,904995.0,626535.0,6,24779.6,detected_buildings,False,38.06400199,-75.50853154
data/raw/naip_tiles_pc_4band_full/site_0159.tif,Cobb Heritage LLC/Pocomoke Farm #4,Worcester,laying_hens_dry_manure,poultry_other,61500,layer_chicken,1.08,0.86,1.0,66420.0,52890.0,2,4001.2999999999997,detected_buildings,False,38.16362,-75.54098721
data/raw/naip_tiles_pc_4band_full/site_0161.tif,Ricky Scott Holland/Railroad Farm,Worcester,chickens_not_laying_hens,broiler,104000,broiler_chicken,0.91,0.63,6.5,615160.0,425880.0,10,25097.0,detected_buildings,False,38.01562992,-75.54831518
data/raw/naip_tiles_pc_4band_full/site_0165.tif,David Nuse Sr.,Worcester,chickens_not_laying_hens,broiler,75000,broiler_chicken,0.91,0.63,6.5,443625.0,307125.0,2,5480.3,detected_buildings,False,38.27274791,-75.59263918
data/raw/naip_tiles_pc_4band_full/site_0169.tif,Aksmah LLC/Mahe Farm,Worcester,chickens_not_laying_hens,broiler,173500,broiler_chicken,0.91,0.63,6.5,1026252.5,710482.5,0,0.0,registry_point_only,False,38.08516392,-75.46738572
data/raw/naip_tiles_pc_4band_full/site_0170.tif,Van Bawi Thawng/Mt. Moriah Farm,Worcester,chickens_not_laying_hens,broiler,112000,broiler_chicken,0.91,0.63,6.5,662480.0,458640.0,6,16305.8,detected_buildings,False,38.0156831,-75.53181817
data/raw/naip_tiles_pc_4band_full/site_0172.tif,Willis E. Redden Farm,Worcester,chickens_not_laying_hens,broiler,272000,broiler_chicken,0.91,0.63,6.5,1608880.0,1113840.0,6,18119.2,detected_buildings,False,38.06180094,-75.48415837
data/raw/naip_tiles_pc_4band_full/site_0162.tif,Onley Road LLC/Far Nasir,Worcester,chickens_not_laying_hens,broiler,114800,broiler_chicken,0.91,0.63,6.5,679042.0,470106.0,5,6599.5,detected_buildings,False,38.09445832,-75.40661898
data/raw/naip_tiles_pc_4band_full/site_0173.tif,Gregory P. Wilkins/Runaway Farm (Expansion),Worcester,chickens_not_laying_hens,broiler,228000,broiler_chicken,0.91,0.63,6.5,1348620.0,933660.0,8,24917.1,detected_buildings,False,38.3070354,-75.31896584
data/raw/naip_tiles_pc_4band_full/site_0174.tif,Levinh Farm LLC c/o Minh Vinh,Worcester,chickens_not_laying_hens,broiler,232300,broiler_chicken,0.91,0.63,6.5,1374054.5,951268.5,0,0.0,registry_point_only,False,38.08108392,-75.49667402
data/raw/naip_tiles_pc_4band_full/site_0176.tif,Minh Vinh,Worcester,chickens_not_laying_hens,broiler,595000,broiler_chicken,0.91,0.63,6.5,3519425.0,2436525.0,14,76971.40000000001,detected_buildings,False,38.18886951,-75.55089856
data/raw/naip_tiles_pc_4band_full/site_0177.tif,Gilbert Thompson Jr.,Worcester,chickens_not_laying_hens,broiler,175200,broiler_chicken,0.91,0.63,6.5,1036308.0,717444.0,6,9203.8,detected_buildings,False,38.32978143,-75.18045448
data/raw/naip_tiles_pc_4band_full/site_0178.tif,"Todd Hite/Hite Farms, LLC",Worcester,chickens_not_laying_hens,broiler,85400,broiler_chicken,0.91,0.63,6.5,505141.0,349713.0,22,48894.1,detected_buildings,False,38.05089595,-75.50376784
data/raw/naip_tiles_pc_4band_full/site_0181.tif,Beverly Farm Partnership/ Arthur Shettle,Worcester,chickens_not_laying_hens,broiler,75000,broiler_chicken,0.91,0.63,6.5,443625.0,307125.0,3,5854.099999999999,detected_buildings,False,38.00705553,-75.61858622
data/raw/naip_tiles_pc_4band_full/site_0179.tif,Long Nguyen/Bithao & Minh Quang Farm,Worcester,chickens_not_laying_hens,broiler,120000,broiler_chicken,0.91,0.63,6.5,709800.0,491400.0,4,7146.099999999999,detected_buildings,False,38.04475412,-75.5857352
data/raw/naip_tiles_pc_4band_full/site_0184.tif,Patricia Collins/Brisk Wind Farms,Caroline,chickens_not_laying_hens,broiler,48000,broiler_chicken,0.91,0.63,6.5,283920.0,196560.0,6,18391.2,detected_buildings,False,38.77767404,-75.81425627
data/raw/naip_tiles_pc_4band_full/site_0180.tif,Tue D. Nguyen,Worcester,chickens_not_laying_hens,broiler,168000,broiler_chicken,0.91,0.63,6.5,993720.0,687960.0,6,12576.1,detected_buildings,False,38.04862861,-75.50677076
data/raw/naip_tiles_pc_4band_full/site_0182.tif,Joshua Kurtz/Home Farm,Worcester,chickens_not_laying_hens,broiler,52000,broiler_chicken,0.91,0.63,6.5,307580.0,212940.0,0,0.0,registry_point_only,False,38.17690776,-75.30647249
data/raw/naip_tiles_pc_4band_full/site_0175.tif,Successful Farm Inc,Worcester,chickens_not_laying_hens,broiler,113000,broiler_chicken,0.91,0.63,6.5,668395.0,462735.0,4,8299.8,detected_buildings,False,38.09442722,-75.41276304
data/raw/naip_tiles_pc_4band_full/site_0186.tif,Maurice Blake,Wicomico,chickens_not_laying_hens,broiler,68000,broiler_chicken,0.91,0.63,6.5,402220.0,278460.0,5,5477.1,detected_buildings,False,38.43046129,-75.35599411
data/raw/naip_tiles_pc_4band_full/site_0187.tif,William Cottman/Cottman Farm,Somerset,chickens_not_laying_hens,broiler,86000,broiler_chicken,0.91,0.63,6.5,508690.0,352170.0,6,9689.0,detected_buildings,False,38.14939129,-75.59925728
data/raw/naip_tiles_pc_4band_full/site_0190.tif,"Ramsay Family Farm, Inc.",Somerset,chickens_not_laying_hens,broiler,117500,broiler_chicken,0.91,0.63,6.5,695012.5,481162.5,4,3693.1,detected_buildings,False,38.05001235,-75.65883581
data/raw/naip_tiles_pc_4band_full/site_0188.tif,Joshua Thang/ Thang Family Farm,Worcester,chickens_not_laying_hens,broiler,210000,broiler_chicken,0.91,0.63,6.5,1242150.0,859950.0,10,22521.1,detected_buildings,False,38.00573431,-75.48517156
data/raw/naip_tiles_pc_4band_full/site_0183.tif,Hieu Vu,Wicomico,chickens_not_laying_hens,broiler,123700,broiler_chicken,0.91,0.63,6.5,731685.5,506551.5,14,37603.1,detected_buildings,False,38.32270686,-75.38947674
data/raw/naip_tiles_pc_4band_full/site_0189.tif,"Dean Murray/Murray Farms, Inc./Dividing Road & Kelrin Farms",Wicomico,chickens_not_laying_hens,broiler,44400,broiler_chicken,0.91,0.63,6.5,262626.0,181818.0,6,8789.4,detected_buildings,False,38.32286801,-75.66491203
data/raw/naip_tiles_pc_4band_full/site_0195.tif,Joshua Cole McCafferty,Caroline,chickens_not_laying_hens,broiler,87000,broiler_chicken,0.91,0.63,6.5,514605.0,356265.0,4,6787.4,detected_buildings,False,38.89765684,-75.85518943
data/raw/naip_tiles_pc_4band_full/site_0193.tif,Van Hmun and Lily Sui/Fox Run & Little Blackwater,Dorchester,chickens_not_laying_hens,broiler,144800,broiler_chicken,0.91,0.63,6.5,856492.0,592956.0,8,14820.8,detected_buildings,False,38.52192261,-76.05031547
data/raw/naip_tiles_pc_4band_full/site_0185.tif,"Charles E. Ball, Jr./Ball Farm",Caroline,chickens_not_laying_hens,broiler,54600,broiler_chicken,0.91,0.63,6.5,322959.0,223587.0,5,11519.0,detected_buildings,False,38.71718128,-75.94858839
data/raw/naip_tiles_pc_4band_full/site_0194.tif,Garrett Luthy,Dorchester,chickens_not_laying_hens,broiler,80000,broiler_chicken,0.91,0.63,6.5,473200.0,327600.0,8,12123.1,detected_buildings,False,38.44809645,-76.02794543
data/raw/naip_tiles_pc_4band_full/site_0199.tif,Justin Tomlinson/Maddie and Will Farm,Wicomico,chickens_not_laying_hens,broiler,42000,broiler_chicken,0.91,0.63,6.5,248430.0,171990.0,10,16070.7,detected_buildings,False,38.35769641,-75.49241648
data/raw/naip_tiles_pc_4band_full/site_0198.tif,Harry Nagel,Caroline,chickens_not_laying_hens,broiler,48000,broiler_chicken,0.91,0.63,6.5,283920.0,196560.0,13,38978.8,detected_buildings,False,38.73252949,-75.81039608
data/raw/naip_tiles_pc_4band_full/site_0192.tif,Edward Lewton Warren/Motel Chix,Worcester,chickens_not_laying_hens,broiler,88400,broiler_chicken,0.91,0.63,6.5,522886.0,361998.0,2,3013.0,detected_buildings,False,38.32105918,-75.23591977
data/raw/naip_tiles_pc_4band_full/site_0200.tif,James Byron Beauchamp,Somerset,chickens_not_laying_hens,broiler,95000,broiler_chicken,0.91,0.63,6.5,561925.0,389025.0,7,19171.7,detected_buildings,False,38.12624329,-75.57667396
data/raw/naip_tiles_pc_4band_full/site_0197.tif,Oscar T. Rentschler Jr./Black Lab Acres,Somerset,chickens_not_laying_hens,broiler,142000,broiler_chicken,0.91,0.63,6.5,839930.0,581490.0,4,12054.7,detected_buildings,False,38.19207275,-75.60561478
data/raw/naip_tiles_pc_4band_full/site_0191.tif,"Milton Lee West, Jr./Doris West",Worcester,chickens_not_laying_hens,broiler,73000,broiler_chicken,0.91,0.63,6.5,431795.0,298935.0,2,1623.1999999999998,detected_buildings,False,38.42640841,-75.17091088
data/raw/naip_tiles_pc_4band_full/site_0203.tif,Robert Family LLC/Robert Thawng,Wicomico,chickens_not_laying_hens,broiler,173000,broiler_chicken,0.91,0.63,6.5,1023295.0,708435.0,5,14706.7,detected_buildings,False,38.38095305,-75.35767009
data/raw/naip_tiles_pc_4band_full/site_0205.tif,Van Lian/Sang Sang's Family Farm,Worcester,chickens_not_laying_hens,broiler,176400,broiler_chicken,0.91,0.63,6.5,1043406.0,722358.0,8,19457.6,detected_buildings,False,38.43361831,-75.17799655
data/raw/naip_tiles_pc_4band_full/site_0196.tif,Ghazanffer Ali,Somerset,chickens_not_laying_hens,broiler,160000,broiler_chicken,0.91,0.63,6.5,946400.0,655200.0,5,11954.2,detected_buildings,False,38.22542914,-75.60217657
data/raw/naip_tiles_pc_4band_full/site_0210.tif,Bawi Hlun/ Chan UK,Somerset,unknown,unknown,0,,,,,0.0,0.0,9,23315.100000000002,detected_buildings,True,38.25309998,-75.64924401
data/raw/naip_tiles_pc_4band_full/site_0201.tif,Michelle Littleton/Bethards Farm,Worcester,chickens_not_laying_hens,broiler,72000,broiler_chicken,0.91,0.63,6.5,425880.0,294840.0,2,4142.9,detected_buildings,False,38.2976,-75.2805
data/raw/naip_tiles_pc_4band_full/site_0209.tif,"Luu Hoang/Golden Chicken Farm, LLC",Somerset,chickens_not_laying_hens,broiler,200000,broiler_chicken,0.91,0.63,6.5,1183000.0,819000.0,9,17366.5,detected_buildings,False,38.13719969,-75.73513434
data/raw/naip_tiles_pc_4band_full/site_0202.tif,Sabrina Fishell,Caroline,chickens_not_laying_hens,broiler,70000,broiler_chicken,0.91,0.63,6.5,414050.0,286650.0,6,18184.0,detected_buildings,False,38.76571936,-75.82005953
data/raw/naip_tiles_pc_4band_full/site_0204.tif,Cock Spur Farm LLC/Gregory Todd Higgs,Queen Anne's,chickens_not_laying_hens,broiler,63000,broiler_chicken,0.91,0.63,6.5,372645.0,257985.0,6,8316.0,detected_buildings,False,39.09623612,-76.02586502
data/raw/naip_tiles_pc_4band_full/site_0212.tif,Tu Do/Chelsea Farm,Somerset,chickens_not_laying_hens,broiler,270000,broiler_chicken,0.91,0.63,6.5,1597050.0,1105650.0,11,27966.9,detected_buildings,False,38.16186118,-75.63363156
data/raw/naip_tiles_pc_4band_full/site_0207.tif,Marc R. Clopper/Clopper Farms,Caroline,chickens_not_laying_hens,broiler,54400,broiler_chicken,0.91,0.63,6.5,321776.0,222768.0,0,0.0,registry_point_only,False,38.88120792,-75.91583657
data/raw/naip_tiles_pc_4band_full/site_0211.tif,"Moore Farms, Inc. c/o William A. Moore Jr.",Talbot,chickens_not_laying_hens,broiler,179500,broiler_chicken,0.91,0.63,6.5,1061742.5,735052.5,6,19466.6,detected_buildings,False,38.87719947,-75.96785541
data/raw/naip_tiles_pc_4band_full/site_0216.tif,"Sunny Apartments, LLC (Mohammed Ahmad)",Dorchester,chickens_not_laying_hens,broiler,80000,broiler_chicken,0.91,0.63,6.5,473200.0,327600.0,5,12000.400000000001,detected_buildings,False,38.5692059,-75.78951888
data/raw/naip_tiles_pc_4band_full/site_0221.tif,"C & M Ellingsworth, Inc./Clyde Ellingsworth",Queen Anne's,chickens_not_laying_hens,broiler,40000,broiler_chicken,0.91,0.63,6.5,236600.0,163800.0,4,7052.099999999999,detected_buildings,False,39.24782605,-75.86872199
data/raw/naip_tiles_pc_4band_full/site_0215.tif,Christopher Both,Caroline,chickens_not_laying_hens,broiler,315000,broiler_chicken,0.91,0.63,6.5,1863225.0,1289925.0,12,31508.9,detected_buildings,False,38.79812593,-75.8592989
data/raw/naip_tiles_pc_4band_full/site_0217.tif,Jason Dryden Farms Inc. c/o Jason Dryden/Pop Pop Elmo Farm,Somerset,chickens_not_laying_hens,broiler,167000,broiler_chicken,0.91,0.63,6.5,987805.0,683865.0,18,53797.299999999996,detected_buildings,False,38.06422236,-75.65971587
data/raw/naip_tiles_pc_4band_full/site_0223.tif,"Rose Farm, LLC c/o Sarfraz Ahmad",Wicomico,chickens_not_laying_hens,broiler,190000,broiler_chicken,0.91,0.63,6.5,1123850.0,778050.0,10,32408.0,detected_buildings,False,38.4111382,-75.37650075
data/raw/naip_tiles_pc_4band_full/site_0218.tif,Randy Collins/Home Farm,Caroline,chickens_not_laying_hens,broiler,84000,broiler_chicken,0.91,0.63,6.5,496860.0,343980.0,7,16749.5,detected_buildings,False,38.68386967,-75.7957136
data/raw/naip_tiles_pc_4band_full/site_0220.tif,Charles Laird/Charles Laird Farm,Somerset,chickens_not_laying_hens,broiler,90000,broiler_chicken,0.91,0.63,6.5,532350.0,368550.0,1,1572.1,detected_buildings,False,38.00198807,-75.84440524
data/raw/naip_tiles_pc_4band_full/site_0208.tif,Jin S. Heo/Matthew Farm,Wicomico,chickens_not_laying_hens,broiler,108800,broiler_chicken,0.91,0.63,6.5,643552.0,445536.0,5,6633.1,detected_buildings,False,38.35041132,-75.46568166
data/raw/naip_tiles_pc_4band_full/site_0214.tif,"Hussain Farm, LLC/Samar Abbas",Wicomico,chickens_not_laying_hens,broiler,89900,broiler_chicken,0.91,0.63,6.5,531758.5,368140.5,10,15002.9,detected_buildings,False,38.44934011,-75.52385789
data/raw/naip_tiles_pc_4band_full/site_0219.tif,Kevin Pham/Danny&Kenny Farm,Somerset,chickens_not_laying_hens,broiler,96000,broiler_chicken,0.91,0.63,6.5,567840.0,393120.0,16,34298.3,detected_buildings,False,38.06942308,-75.65747327
data/raw/naip_tiles_pc_4band_full/site_0206.tif,Ray A. Lewis/Ray Lewis Farm,Wicomico,chickens_not_laying_hens,broiler,63000,broiler_chicken,0.91,0.63,6.5,372645.0,257985.0,1,2505.2,detected_buildings,False,38.37427289,-75.35248524
data/raw/naip_tiles_pc_4band_full/site_0229.tif,"Anthony E. Balcerzak, Jr./White Haven Farm",Wicomico,chickens_not_laying_hens,broiler,40000,broiler_chicken,0.91,0.63,6.5,236600.0,163800.0,1,2024.0,detected_buildings,False,38.28640057,-75.81107561
data/raw/naip_tiles_pc_4band_full/site_0225.tif,Jabar Rahim,Dorchester,chickens_not_laying_hens,broiler,297000,broiler_chicken,0.91,0.63,6.5,1756755.0,1216215.0,6,14763.8,detected_buildings,False,38.49072132,-75.99014487
data/raw/naip_tiles_pc_4band_full/site_0234.tif,Robert Rosado/Northwind Farm,Wicomico,unknown,unknown,0,,,,,0.0,0.0,4,11643.0,detected_buildings,True,38.43854667,-75.62339995
data/raw/naip_tiles_pc_4band_full/site_0227.tif,Quyen Nguyen/Lam Farm,Worcester,chickens_not_laying_hens,broiler,132700,broiler_chicken,0.91,0.63,6.5,784920.5,543406.5,7,9443.6,detected_buildings,False,38.4230537,-75.15829841
data/raw/naip_tiles_pc_4band_full/site_0232.tif,"William Moore, III",Caroline,chickens_not_laying_hens,broiler,62200,broiler_chicken,0.91,0.63,6.5,367913.0,254709.0,4,7347.5,detected_buildings,False,38.95207394,-75.86259791
data/raw/naip_tiles_pc_4band_full/site_0228.tif,"Weaver Farms, LLC/Richard Weaver",Queen Anne's,chickens_not_laying_hens,broiler,114000,broiler_chicken,0.91,0.63,6.5,674310.0,466830.0,0,0.0,registry_point_only,False,39.14614042,-75.81016444
data/raw/naip_tiles_pc_4band_full/site_0235.tif,Hai Xuan Ha/Ha Nguyen,Worcester,chickens_not_laying_hens,broiler,240000,broiler_chicken,0.91,0.63,6.5,1419600.0,982800.0,6,22756.2,detected_buildings,False,38.24874344,-75.30403085
data/raw/naip_tiles_pc_4band_full/site_0230.tif,"Zachary Loller/William Loller Farm, LLC",Kent,chickens_not_laying_hens,broiler,270000,broiler_chicken,0.91,0.63,6.5,1597050.0,1105650.0,5,8731.7,detected_buildings,False,39.22726787,-76.14347149
data/raw/naip_tiles_pc_4band_full/site_0224.tif,Scot Beauchamp/Home and Dad's Farms,Somerset,chickens_not_laying_hens,broiler,128100,broiler_chicken,0.91,0.63,6.5,757711.5,524569.5,5,7743.9,detected_buildings,False,38.11237019,-75.61323728
data/raw/naip_tiles_pc_4band_full/site_0222.tif,Samuel W. Hall/East Ridge Farm,Somerset,chickens_not_laying_hens,broiler,56300,broiler_chicken,0.91,0.63,6.5,333014.5,230548.5,6,6756.1,detected_buildings,False,38.21506365,-75.7148193
data/raw/naip_tiles_pc_4band_full/site_0226.tif,Glenn S. Ains/The Farm at Heron's Pond,Somerset,chickens_not_laying_hens,broiler,89400,broiler_chicken,0.91,0.63,6.5,528801.0,366093.0,0,0.0,registry_point_only,False,38.28181046,-75.65012513
data/raw/naip_tiles_pc_4band_full/site_0233.tif,Stephen L. Stoltzfus,Kent,chickens_not_laying_hens,broiler,75000,broiler_chicken,0.91,0.63,6.5,443625.0,307125.0,4,8171.9,detected_buildings,False,39.25915929,-75.96293757
data/raw/naip_tiles_pc_4band_full/site_0231.tif,"Rowland Farms, LLC",Worcester,chickens_not_laying_hens,broiler,95000,broiler_chicken,0.91,0.63,6.5,561925.0,389025.0,3,8317.300000000001,detected_buildings,False,38.02455219,-75.3873119
data/raw/naip_tiles_pc_4band_full/site_0241.tif,Michael Lembeck/Rocking L. Ranch,Wicomico,chickens_not_laying_hens,broiler,65000,broiler_chicken,0.91,0.63,6.5,384475.0,266175.0,2,3289.4,detected_buildings,False,38.31648643,-75.39684014
data/raw/naip_tiles_pc_4band_full/site_0240.tif,Jason Powell/Jason Powell Farms Inc.,Wicomico,chickens_not_laying_hens,broiler,58600,broiler_chicken,0.91,0.63,6.5,346619.0,239967.0,8,13891.5,detected_buildings,False,38.44320379,-75.35932334
data/raw/naip_tiles_pc_4band_full/site_0213.tif,Newton Bui/Vina Cao,Worcester,chickens_not_laying_hens,broiler,354500,broiler_chicken,0.91,0.63,6.5,2096867.5,1451677.5,16,47975.5,detected_buildings,False,38.111235,-75.56268609
data/raw/naip_tiles_pc_4band_full/site_0242.tif,Stroble Farm LLC c/o Gary Stroble,Worcester,chickens_not_laying_hens,broiler,104000,broiler_chicken,0.91,0.63,6.5,615160.0,425880.0,1,562.1,detected_buildings,False,38.24373129,-75.26991839
data/raw/naip_tiles_pc_4band_full/site_0243.tif,"Justin Humphreys/Humphreys Farms, LLC/Somerset Farm",Somerset,chickens_not_laying_hens,broiler,122000,broiler_chicken,0.91,0.63,6.5,721630.0,499590.0,1,4271.9,detected_buildings,False,38.13941831,-75.68621819
data/raw/naip_tiles_pc_4band_full/site_0238.tif,"Bunting Farms, Inc",Worcester,chickens_not_laying_hens,broiler,162000,broiler_chicken,0.91,0.63,6.5,958230.0,663390.0,14,31459.0,detected_buildings,False,38.00981639,-75.53788075
data/raw/naip_tiles_pc_4band_full/site_0245.tif,Stephen Pusey/Sunset Cielo Farm,Worcester,chickens_not_laying_hens,broiler,60000,broiler_chicken,0.91,0.63,6.5,354900.0,245700.0,1,682.0,detected_buildings,False,38.20809332,-75.55883217
data/raw/naip_tiles_pc_4band_full/site_0236.tif,Lawrence Lembeck II,Wicomico,chickens_not_laying_hens,broiler,154400,broiler_chicken,0.91,0.63,6.5,913276.0,632268.0,8,17895.8,detected_buildings,False,38.44714102,-75.51763237
data/raw/naip_tiles_pc_4band_full/site_0246.tif,Philip L. Meck/Meck Farm,Cecil,chickens_not_laying_hens,broiler,88000,broiler_chicken,0.91,0.63,6.5,520520.0,360360.0,2,11976.6,detected_buildings,False,39.45393206,-75.8708966
data/raw/naip_tiles_pc_4band_full/site_0252.tif,Isaac Martin,Washington,ducks_liquid_manure,poultry_other,9800,,,,,0.0,0.0,1,1498.8,detected_buildings,True,39.70836528,-77.69420251
data/raw/naip_tiles_pc_4band_full/site_0250.tif,Benjamin D. Sowers,Frederick,chickens_not_laying_hens,broiler,17000,broiler_chicken,0.91,0.63,6.5,100555.0,69615.0,1,1896.9,detected_buildings,False,39.45932489,-77.60249195
data/raw/naip_tiles_pc_4band_full/site_0247.tif,Rhonda Donaway,Worcester,chickens_not_laying_hens,broiler,94600,broiler_chicken,0.91,0.63,6.5,559559.0,387387.0,2,2854.4,detected_buildings,False,38.41035379,-75.29353615
data/raw/naip_tiles_pc_4band_full/site_0253.tif,Adam Stanley/Deathly Hollows,Somerset,unknown,unknown,0,,,,,0.0,0.0,11,34498.4,detected_buildings,True,38.02564553,-75.80555385
data/raw/naip_tiles_pc_4band_full/site_0249.tif,Arbaugh's Flowering Springs Inc./Home Farm,Carroll,dairy_cattle,dairy,300,dairy_cattle,168.0,96.0,1.0,50400.0,28800.0,0,0.0,registry_point_only,False,39.57995053,-77.13573312
data/raw/naip_tiles_pc_4band_full/site_0248.tif,"My Lady's Manor Farm, Inc.",Baltimore,dairy_cattle,dairy,775,dairy_cattle,168.0,96.0,1.0,130200.0,74400.0,0,0.0,registry_point_only,False,39.6114252,-76.54319462
data/raw/naip_tiles_pc_4band_full/site_0239.tif,Justin Humphreys/Rizzi's Roost,Somerset,chickens_not_laying_hens,broiler,69000,broiler_chicken,0.91,0.63,6.5,408135.0,282555.0,3,5085.2,detected_buildings,False,38.14663691,-75.6555561
data/raw/naip_tiles_pc_4band_full/site_0244.tif,Luan Ngoc Nguyen,Somerset,chickens_not_laying_hens,broiler,156000,broiler_chicken,0.91,0.63,6.5,922740.0,638820.0,3,5882.2,detected_buildings,False,38.21008045,-75.58432147
data/raw/naip_tiles_pc_4band_full/site_0237.tif,William T. Calloway III/Tommy and Dee's Farm,Wicomico,chickens_not_laying_hens,broiler,71000,broiler_chicken,0.91,0.63,6.5,419965.0,290745.0,5,11025.3,detected_buildings,False,38.42159027,-75.78138256
data/raw/naip_tiles_pc_4band_full/site_0254.tif,"Patterson Farms, Inc/Home Farm",Kent,dairy_cattle,dairy,680,dairy_cattle,168.0,96.0,1.0,114240.0,65280.0,0,0.0,registry_point_only,False,39.226071,-75.96616803
data/raw/naip_tiles_pc_4band_full/site_0260.tif,Lance E. Brown / Lance Brown Farm,Caroline,chickens_not_laying_hens,broiler,114000,broiler_chicken,0.91,0.63,6.5,674310.0,466830.0,3,11178.2,detected_buildings,False,38.84400064,-75.7468958
data/raw/naip_tiles_pc_4band_full/site_0261.tif,Aaron Dennis/Carr's Creek Farm,Caroline,chickens_not_laying_hens,broiler,56800,broiler_chicken,0.91,0.63,6.5,335972.0,232596.0,3,4120.9,detected_buildings,False,38.7550256,-75.97700025
data/raw/naip_tiles_pc_4band_full/site_0256.tif,Adam Stanley Farm,Somerset,chickens_not_laying_hens,broiler,46000,broiler_chicken,0.91,0.63,6.5,272090.0,188370.0,0,0.0,registry_point_only,False,38.02804105,-75.81643376
data/raw/naip_tiles_pc_4band_full/site_0267.tif,Barry Spedden Farm,Dorchester,chickens_not_laying_hens,broiler,129000,broiler_chicken,0.91,0.63,6.5,763035.0,528255.0,2,3763.4,detected_buildings,False,38.6071,-75.7483
data/raw/naip_tiles_pc_4band_full/site_0258.tif,"William Robert Thomas, Jr. / Preston Farm",Caroline,chickens_not_laying_hens,broiler,108000,broiler_chicken,0.91,0.63,6.5,638820.0,442260.0,14,31289.8,detected_buildings,False,38.76349496,-75.88316024
data/raw/naip_tiles_pc_4band_full/site_0262.tif,Robert Edwin Love/Bobby Love Farm,Caroline,chickens_not_laying_hens,broiler,49000,broiler_chicken,0.91,0.63,6.5,289835.0,200655.0,10,21427.5,detected_buildings,False,38.798333,-75.761944
data/raw/naip_tiles_pc_4band_full/site_0255.tif,"Tina L. Johnson/Little Chicks, LLC",Queen Anne's,chickens_not_laying_hens,broiler,216000,broiler_chicken,0.91,0.63,6.5,1277640.0,884520.0,6,13834.2,detected_buildings,False,38.97602938,-76.03526344
data/raw/naip_tiles_pc_4band_full/site_0259.tif,"William R.Thomas, Jr. / Bilden Farm",Caroline,chickens_not_laying_hens,broiler,79000,broiler_chicken,0.91,0.63,6.5,467285.0,323505.0,6,11731.5,detected_buildings,False,38.78223035,-75.90409745
data/raw/naip_tiles_pc_4band_full/site_0265.tif,Paul Aaron Hutchison Sr./Home Farm,Talbot,chickens_not_laying_hens,broiler,86200,broiler_chicken,0.91,0.63,6.5,509873.0,352989.0,2,4820.5,detected_buildings,False,38.80858,-76.027472
data/raw/naip_tiles_pc_4band_full/site_0257.tif,"Deerspring Dairy Farm, LLC",Frederick,dairy_cattle,dairy,705,dairy_cattle,168.0,96.0,1.0,118440.0,67680.0,0,0.0,registry_point_only,False,39.4130233,-77.51394332
data/raw/naip_tiles_pc_4band_full/site_0263.tif,Kaleem Ullah (Rahim Farm),Dorchester,chickens_not_laying_hens,broiler,134400,broiler_chicken,0.91,0.63,6.5,794976.0,550368.0,0,0.0,registry_point_only,False,38.668056,-75.845833
data/raw/naip_tiles_pc_4band_full/site_0268.tif,Phuong Tran/Blue Bonnet Farm,Wicomico,chickens_not_laying_hens,broiler,110000,broiler_chicken,0.91,0.63,6.5,650650.0,450450.0,3,6423.0,detected_buildings,False,38.2917,-75.6411
data/raw/naip_tiles_pc_4band_full/site_0264.tif,Jon Sewell/Tuscarora Farms,Frederick,turkeys,poultry_other,46000,turkey,2.4,1.8,3.0,331200.0,248400.0,3,8549.400000000001,detected_buildings,False,39.26149357,-77.48092636
data/raw/naip_tiles_pc_4band_full/site_0251.tif,"Sam's Farm, Incorporated",Worcester,chickens_not_laying_hens,broiler,257000,broiler_chicken,0.91,0.63,6.5,1520155.0,1052415.0,24,97349.6,detected_buildings,False,38.08200591,-75.43815684
data/raw/naip_tiles_pc_4band_full/site_0274.tif,Mohammad Iqbal/Pinewood Ranch,Worcester,chickens_not_laying_hens,broiler,240000,broiler_chicken,0.91,0.63,6.5,1419600.0,982800.0,8,26976.0,detected_buildings,False,38.1669,-75.4402
data/raw/naip_tiles_pc_4band_full/site_0266.tif,Ronnie Schrock/Breezewood Poultry Farm,Somerset,chickens_not_laying_hens,broiler,50000,broiler_chicken,0.91,0.63,6.5,295750.0,204750.0,5,9115.400000000001,detected_buildings,False,38.0976,-75.6974
data/raw/naip_tiles_pc_4band_full/site_0272.tif,QuangTran Farm,Somerset,chickens_not_laying_hens,broiler,210000,broiler_chicken,0.91,0.63,6.5,1242150.0,859950.0,2,4861.8,detected_buildings,False,38.2137,-75.6474
data/raw/naip_tiles_pc_4band_full/site_0269.tif,Ariann Le/Phat Chix Farm,Wicomico,chickens_not_laying_hens,broiler,260000,broiler_chicken,0.91,0.63,6.5,1537900.0,1064700.0,13,29112.600000000002,detected_buildings,False,38.4042,-75.4469
data/raw/naip_tiles_pc_4band_full/site_0275.tif,Ricky T. Holland/Colona Farm,Worcester,chickens_not_laying_hens,broiler,87000,broiler_chicken,0.91,0.63,6.5,514605.0,356265.0,6,9542.6,detected_buildings,False,38.0087,-75.5953
data/raw/naip_tiles_pc_4band_full/site_0276.tif,"Moon Farm, LLC/ Hassan Waheed",Somerset,chickens_not_laying_hens,broiler,320000,broiler_chicken,0.91,0.63,6.5,1892800.0,1310400.0,8,18113.2,detected_buildings,False,38.150154,-75.581974
data/raw/naip_tiles_pc_4band_full/site_0283.tif,"Bartenfelder Poultry Farm, LLC / Andrew Joseph Bartenfelder",Dorchester,chickens_not_laying_hens,broiler,48000,broiler_chicken,0.91,0.63,6.5,283920.0,196560.0,9,27018.5,detected_buildings,False,38.69203162,-75.88466371
data/raw/naip_tiles_pc_4band_full/site_0284.tif,Dream Journey Inc.,Somerset,chickens_not_laying_hens,broiler,152000,broiler_chicken,0.91,0.63,6.5,899080.0,622440.0,8,30383.6,detected_buildings,False,38.00059167,-75.64993069
data/raw/naip_tiles_pc_4band_full/site_0279.tif,Michael A. Lesniowski/H.D. Myles/Barclay Farm,Queen Anne's,chickens_not_laying_hens,broiler,268600,broiler_chicken,0.91,0.63,6.5,1588769.0,1099917.0,16,42287.5,detected_buildings,False,39.15861355,-75.86488787
data/raw/naip_tiles_pc_4band_full/site_0270.tif,Dennett Alan Butler/Maurice White Farm,Somerset,chickens_not_laying_hens,broiler,88000,broiler_chicken,0.91,0.63,6.5,520520.0,360360.0,0,0.0,registry_point_only,False,38.0187,-75.7255
data/raw/naip_tiles_pc_4band_full/site_0273.tif,"Marbeth Farm, LLC/David M. Clark III",Queen Anne's,chickens_not_laying_hens,broiler,73000,broiler_chicken,0.91,0.63,6.5,431795.0,298935.0,3,6331.200000000001,detected_buildings,False,39.1116,-75.9073
data/raw/naip_tiles_pc_4band_full/site_0281.tif,Jeffrey Pettitt/Krastel Farm,Kent,chickens_not_laying_hens,broiler,216000,broiler_chicken,0.91,0.63,6.5,1277640.0,884520.0,6,18543.0,detected_buildings,False,39.29479605,-76.05212868
data/raw/naip_tiles_pc_4band_full/site_0278.tif,Phat H. Nguyen,Worcester,chickens_not_laying_hens,broiler,186000,broiler_chicken,0.91,0.63,6.5,1100190.0,761670.0,6,18705.6,detected_buildings,False,38.018996,-75.525888
data/raw/naip_tiles_pc_4band_full/site_0282.tif,Liem Nguyen,Wicomico,chickens_not_laying_hens,broiler,183000,broiler_chicken,0.91,0.63,6.5,1082445.0,749385.0,6,17063.5,detected_buildings,False,38.219478,-75.656743
data/raw/naip_tiles_pc_4band_full/site_0287.tif,One More Haul Farm,Caroline,chickens_not_laying_hens,broiler,156000,broiler_chicken,0.91,0.63,6.5,922740.0,638820.0,9,19831.7,detected_buildings,False,38.87992487,-75.77381286
data/raw/naip_tiles_pc_4band_full/site_0280.tif,Andrew F. Jones/ Jones Farm,Wicomico,chickens_not_laying_hens,broiler,120000,broiler_chicken,0.91,0.63,6.5,709800.0,491400.0,3,11556.8,detected_buildings,False,38.336667,-75.361389
data/raw/naip_tiles_pc_4band_full/site_0289.tif,"Beyla Farm, LLC",Caroline,chickens_not_laying_hens,broiler,240000,broiler_chicken,0.91,0.63,6.5,1419600.0,982800.0,7,23125.2,detected_buildings,False,38.83859292,-75.82117398
data/raw/naip_tiles_pc_4band_full/site_0294.tif,"ESA Farm, LLC (Imran Asghar Farm)",Caroline,chickens_not_laying_hens,broiler,134600,broiler_chicken,0.91,0.63,6.5,796159.0,551187.0,4,10575.6,detected_buildings,False,38.65472243,-75.72536314
data/raw/naip_tiles_pc_4band_full/site_0288.tif,Model Farm LLC/Choudhry Asif,Wicomico,chickens_not_laying_hens,broiler,190000,broiler_chicken,0.91,0.63,6.5,1123850.0,778050.0,12,45558.6,detected_buildings,False,38.3174728,-75.54470216
data/raw/naip_tiles_pc_4band_full/site_0285.tif,Ronnie Schrock Inc./Mason Farms,Somerset,chickens_not_laying_hens,broiler,160000,broiler_chicken,0.91,0.63,6.5,946400.0,655200.0,4,8414.6,detected_buildings,False,38.10094063,-75.69878676
data/raw/naip_tiles_pc_4band_full/site_0271.tif,Linda Trimble/Rounds Road Farm,Wicomico,chickens_not_laying_hens,broiler,60000,broiler_chicken,0.91,0.63,6.5,354900.0,245700.0,2,5611.9,detected_buildings,False,38.4018,-75.4383
data/raw/naip_tiles_pc_4band_full/site_0293.tif,David Phan,Dorchester,chickens_not_laying_hens,broiler,230000,broiler_chicken,0.91,0.63,6.5,1360450.0,941850.0,7,33996.7,detected_buildings,False,38.52165763,-75.93968537
data/raw/naip_tiles_pc_4band_full/site_0291.tif,Shane Cohee,Dorchester,chickens_not_laying_hens,broiler,135000,broiler_chicken,0.91,0.63,6.5,798525.0,552825.0,3,9483.5,detected_buildings,False,38.69588719,-75.86208375
data/raw/naip_tiles_pc_4band_full/site_0290.tif,Bruce Nossick/Bruce Nossick Farm,Dorchester,chickens_not_laying_hens,broiler,144000,broiler_chicken,0.91,0.63,6.5,851760.0,589680.0,4,14310.0,detected_buildings,False,38.64466902,-75.82304054
data/raw/naip_tiles_pc_4band_full/site_0295.tif,Greg Harris Farm,Caroline,chickens_not_laying_hens,broiler,140400,broiler_chicken,0.91,0.63,6.5,830466.0,574938.0,9,18261.9,detected_buildings,False,38.79316251,-75.75555665
data/raw/naip_tiles_pc_4band_full/site_0286.tif,Fiaz Munir (Modification),Worcester,chickens_not_laying_hens,broiler,310400,broiler_chicken,0.91,0.63,6.5,1836016.0,1271088.0,4,13009.5,detected_buildings,False,38.05508522,-75.52935031
data/raw/naip_tiles_pc_4band_full/site_0277.tif,"Justin Humphreys/Humphreys Farms, LLC",Somerset,chickens_not_laying_hens,broiler,65000,broiler_chicken,0.91,0.63,6.5,384475.0,266175.0,0,0.0,registry_point_only,False,38.16668941,-75.62434063
data/raw/naip_tiles_pc_4band_full/site_0302.tif,Chasin Dreams Farm,Queen Anne's,unknown,unknown,0,,,,,0.0,0.0,1,3830.9,detected_buildings,True,39.12587204,-75.9055383
data/raw/naip_tiles_pc_4band_full/site_0292.tif,"Angel's Legacy, LLC",Wicomico,chickens_not_laying_hens,broiler,155000,broiler_chicken,0.91,0.63,6.5,916825.0,634725.0,4,10989.0,detected_buildings,False,38.4483287,-75.60020056
data/raw/naip_tiles_pc_4band_full/site_0297.tif,Charles Hickman/Late Start LLC,Wicomico,chickens_not_laying_hens,broiler,85000,broiler_chicken,0.91,0.63,6.5,502775.0,348075.0,2,6365.9,detected_buildings,False,38.38634561,-75.49363649
data/raw/naip_tiles_pc_4band_full/site_0299.tif,Jacob Thomas,Caroline,chickens_not_laying_hens,broiler,257400,broiler_chicken,0.91,0.63,6.5,1522521.0,1054053.0,6,23177.6,detected_buildings,False,38.97592479,-75.88297223
data/raw/naip_tiles_pc_4band_full/site_0300.tif,William James Robinette/Way More Farm (New Construction),Caroline,chickens_not_laying_hens,broiler,263400,broiler_chicken,0.91,0.63,6.5,1558011.0,1078623.0,15,65426.0,detected_buildings,False,38.79610185,-75.75681946
data/raw/naip_tiles_pc_4band_full/site_0307.tif,"Boi & Nawl Farm, LLC",Worcester,chickens_not_laying_hens,broiler,208600,broiler_chicken,0.91,0.63,6.5,1233869.0,854217.0,2,9671.1,detected_buildings,False,38.43208202,-75.25256129
data/raw/naip_tiles_pc_4band_full/site_0301.tif,Kris Cohee/Earl Cohee Farm,Caroline,chickens_not_laying_hens,broiler,138000,broiler_chicken,0.91,0.63,6.5,816270.0,565110.0,2,5638.9,detected_buildings,False,38.82737236,-75.75846167
data/raw/naip_tiles_pc_4band_full/site_0296.tif,Mohammad Nasir/Aksmah LLC,Worcester,chickens_not_laying_hens,broiler,234000,broiler_chicken,0.91,0.63,6.5,1384110.0,958230.0,9,30543.7,detected_buildings,False,38.09139722,-75.44426708
data/raw/naip_tiles_pc_4band_full/site_0310.tif,Michael Lesniowski,Queen Anne's,chickens_not_laying_hens,broiler,268800,broiler_chicken,0.91,0.63,6.5,1589952.0,1100736.0,8,30176.2,detected_buildings,False,39.11924402,-75.94161974
data/raw/naip_tiles_pc_4band_full/site_0306.tif,Gujrat Farms LLC,Caroline,chickens_not_laying_hens,broiler,248000,broiler_chicken,0.91,0.63,6.5,1466920.0,1015560.0,8,32269.3,detected_buildings,False,38.85399243,-75.80562911
data/raw/naip_tiles_pc_4band_full/site_0305.tif,"Weaver Farms, LLC/Barclay Road Farm (Organic, New Construction)",Queen Anne's,chickens_not_laying_hens,broiler,240975,broiler_chicken,0.91,0.63,6.5,1425367.125,986792.625,4,15496.0,detected_buildings,False,39.14372358,-75.81838193
data/raw/naip_tiles_pc_4band_full/site_0304.tif,Long Pham/Megan Farm,Wicomico,chickens_not_laying_hens,broiler,256000,broiler_chicken,0.91,0.63,6.5,1514240.0,1048320.0,8,24457.800000000003,detected_buildings,False,38.38793295,-75.65250221
data/raw/naip_tiles_pc_4band_full/site_0311.tif,Quan Bui,Wicomico,chickens_not_laying_hens,broiler,151800,broiler_chicken,0.91,0.63,6.5,897897.0,621621.0,12,35512.6,detected_buildings,False,38.36604892,-75.37824063
data/raw/naip_tiles_pc_4band_full/site_0309.tif,Jacob Gibbons/C.O.D. Farm,Worcester,chickens_not_laying_hens,broiler,200000,broiler_chicken,0.91,0.63,6.5,1183000.0,819000.0,4,9777.1,detected_buildings,False,38.19900386,-75.36292138
data/raw/naip_tiles_pc_4band_full/site_0312.tif,"Crescent, Inc./Athar Warraich",Wicomico,chickens_not_laying_hens,broiler,228000,broiler_chicken,0.91,0.63,6.5,1348620.0,933660.0,11,34498.4,detected_buildings,False,38.31671556,-75.65644153
data/raw/naip_tiles_pc_4band_full/site_0308.tif,Waqar Ahmed /Emaan and Eshal Farm LLC (New Construction),Dorchester,chickens_not_laying_hens,broiler,352000,broiler_chicken,0.91,0.63,6.5,2082080.0,1441440.0,6,16587.2,detected_buildings,False,38.65904461,-75.76919274
data/raw/naip_tiles_pc_4band_full/site_0317.tif,Muhammad Wahla,Wicomico,chickens_not_laying_hens,broiler,162500,broiler_chicken,0.91,0.63,6.5,961187.5,665437.5,15,52725.0,detected_buildings,False,38.44536854,-75.3776276
data/raw/naip_tiles_pc_4band_full/site_0315.tif,"Ishfaq Ahmed/APNA Farms, LLC (New Construction)",Worcester,chickens_not_laying_hens,broiler,328000,broiler_chicken,0.91,0.63,6.5,1940120.0,1343160.0,5,22987.5,detected_buildings,False,38.32398799,-75.31563843
data/raw/naip_tiles_pc_4band_full/site_0298.tif,Ijaz Ahmad/Prime Farm,Caroline,chickens_not_laying_hens,broiler,131200,broiler_chicken,0.91,0.63,6.5,776048.0,537264.0,11,43065.1,detected_buildings,False,38.78093924,-75.75026264
data/raw/naip_tiles_pc_4band_full/site_0318.tif,"Hasnain Hamid/HHR Farm, LLC",Wicomico,chickens_not_laying_hens,broiler,178800,broiler_chicken,0.91,0.63,6.5,1057602.0,732186.0,8,17491.4,detected_buildings,False,38.44113027,-75.44654049
data/raw/naip_tiles_pc_4band_full/site_0326.tif,"Christian Rhodes/Blackdog Family Farms, LLC",Queen Anne's,chickens_not_laying_hens,broiler,144000,broiler_chicken,0.91,0.63,6.5,851760.0,589680.0,1,794.6,detected_buildings,False,38.93615069,-75.99866488
data/raw/naip_tiles_pc_4band_full/site_0303.tif,Matthew P. Manship,Caroline,chickens_not_laying_hens,broiler,148000,broiler_chicken,0.91,0.63,6.5,875420.0,606060.0,0,0.0,registry_point_only,False,38.74958529,-75.8898882
data/raw/naip_tiles_pc_4band_full/site_0316.tif,Galen Horst/Zion Acres Poultry LLC,Cecil,chickens_not_laying_hens,broiler,151000,broiler_chicken,0.91,0.63,6.5,893165.0,618345.0,5,10771.9,detected_buildings,False,39.67602009,-75.95991385
data/raw/naip_tiles_pc_4band_full/site_0324.tif,INJA LLC/Iftikhar Farooqui,Wicomico,chickens_not_laying_hens,broiler,280000,broiler_chicken,0.91,0.63,6.5,1656200.0,1146600.0,17,54374.2,detected_buildings,False,38.31571465,-75.39512627
data/raw/naip_tiles_pc_4band_full/site_0314.tif,"Wasey's Poultry Palace, LLC",Wicomico,chickens_not_laying_hens,broiler,105000,broiler_chicken,0.91,0.63,6.5,621075.0,429975.0,5,9218.4,detected_buildings,False,38.32416169,-75.3883028
data/raw/naip_tiles_pc_4band_full/site_0323.tif,"Andre Rance/JamaicaDra, LLC",Caroline,chickens_not_laying_hens,broiler,86800,broiler_chicken,0.91,0.63,6.5,513422.0,355446.0,4,9078.0,detected_buildings,False,38.80927628,-75.86463177
data/raw/naip_tiles_pc_4band_full/site_0321.tif,Marlin Sensenig,Caroline,chickens_not_laying_hens,broiler,156400,broiler_chicken,0.91,0.63,6.5,925106.0,640458.0,1,1353.4,detected_buildings,False,38.85200819,-75.77599917
data/raw/naip_tiles_pc_4band_full/site_0313.tif,Gerald Lewis,Wicomico,chickens_not_laying_hens,broiler,78600,broiler_chicken,0.91,0.63,6.5,464919.0,321867.0,4,10043.0,detected_buildings,False,38.40795004,-75.36143916
data/raw/naip_tiles_pc_4band_full/site_0320.tif,Al Barkat Farms LLC,Wicomico,chickens_not_laying_hens,broiler,262400,broiler_chicken,0.91,0.63,6.5,1552096.0,1074528.0,9,28803.899999999998,detected_buildings,False,38.51713499,-75.71402507
data/raw/naip_tiles_pc_4band_full/site_0319.tif,"Cam Tu Pham/P&N Farm, LLC",Wicomico,chickens_not_laying_hens,broiler,304000,broiler_chicken,0.91,0.63,6.5,1798160.0,1244880.0,8,26849.8,detected_buildings,False,38.32499328,-75.71295277
data/raw/naip_tiles_pc_4band_full/site_0322.tif,Randal C. Hambrick,Caroline,chickens_not_laying_hens,broiler,216000,broiler_chicken,0.91,0.63,6.5,1277640.0,884520.0,6,19349.0,detected_buildings,False,39.03839342,-75.79721562
data/raw/naip_tiles_pc_4band_full/site_0327.tif,"Levi Hayman/Makin' Memories Farm, LLC",Caroline,chickens_not_laying_hens,broiler,144000,broiler_chicken,0.91,0.63,6.5,851760.0,589680.0,2,2184.8,detected_buildings,False,38.96096752,-75.83345988
data/raw/naip_tiles_pc_4band_full/site_0328.tif,David Meulenberg/Nods Forest LLC (New Construction),Cecil,chickens_not_laying_hens,broiler,72400,broiler_chicken,0.91,0.63,6.5,428246.0,296478.0,2,4844.3,detected_buildings,False,39.64401,-75.980616
data/raw/naip_tiles_pc_4band_full/site_0325.tif,Freddy Massey/Hidden Hill Farm,Wicomico,chickens_not_laying_hens,broiler,116800,broiler_chicken,0.91,0.63,6.5,690872.0,478296.0,6,16792.3,detected_buildings,False,38.37546599,-75.33931731
data/raw/naip_tiles_pc_4band_delta/site_0002.tif,Randy Bui/Me and My Chickens,Worcester,chickens_not_laying_hens,broiler,206000,broiler_chicken,0.91,0.63,6.5,1218490.0,843570.0,8,15079.5,detected_buildings,False,38.31611079,-75.29635662
data/raw/naip_tiles_pc_4band_delta/site_0009.tif,Donald Howard/Donald Howard Farm,Somerset,chickens_not_laying_hens,broiler,75000,broiler_chicken,0.91,0.63,6.5,443625.0,307125.0,6,12148.2,detected_buildings,False,38.02128008072,-75.808804563335
data/raw/naip_tiles_pc_4band_delta/site_0010.tif,H&H Family Farm LLC/Mohammed Ahmed,Dorchester,chickens_not_laying_hens,broiler,90000,broiler_chicken,0.91,0.63,6.5,532350.0,368550.0,1,1814.5,detected_buildings,False,38.59329828,-75.72402261
data/raw/naip_tiles_pc_4band_delta/site_0004.tif,Justin Tomlinson,Wicomico,chickens_not_laying_hens,broiler,42000,broiler_chicken,0.91,0.63,6.5,248430.0,171990.0,0,0.0,registry_point_only,False,38.35769641,-75.49241648
data/raw/naip_tiles_pc_4band_delta/site_0003.tif,William Gary Marvel/Hidden Acres Farm,Caroline,chickens_not_laying_hens,broiler,94000,broiler_chicken,0.91,0.63,6.5,556010.0,384930.0,4,7776.4,detected_buildings,False,38.89540147,-75.73908725
data/raw/naip_tiles_pc_4band_delta/site_0005.tif,Ryan Aydelotte/Peace & Plenty Farm,Worcester,chickens_not_laying_hens,broiler,96000,broiler_chicken,0.91,0.63,6.5,567840.0,393120.0,4,8642.9,detected_buildings,False,38.02799951,-75.52536323
data/raw/naip_tiles_pc_4band_delta/site_0001.tif,Robert Messner,Caroline,chickens_not_laying_hens,broiler,56000,broiler_chicken,0.91,0.63,6.5,331240.0,229320.0,3,6785.200000000001,detected_buildings,False,39.114781453181,-75.769769323371
data/raw/naip_tiles_pc_4band_delta/site_0013.tif,Zachary Hudson Farm,Wicomico,chickens_not_laying_hens,broiler,82000,broiler_chicken,0.91,0.63,6.5,485030.0,335790.0,1,1199.3,detected_buildings,False,38.442039763041,-75.361301341825
data/raw/naip_tiles_pc_4band_delta/site_0006.tif,Sarah T. Chisholm/Pullet Downs Farm,Worcester,chickens_not_laying_hens,broiler,66000,broiler_chicken,0.91,0.63,6.5,390390.0,270270.0,1,801.1,detected_buildings,False,38.06755477,-75.59302749
data/raw/naip_tiles_pc_4band_delta/site_0007.tif,VALO BioMedia North America LLC (New Construction),Carroll,laying_hens_dry_manure,poultry_other,52440,layer_chicken,1.08,0.86,1.0,56635.200000000004,45098.4,0,0.0,registry_point_only,False,39.649633632652,-77.207916978992
data/raw/naip_tiles_pc_4band_delta/site_0008.tif,"Edward Robinson/Robinson Farms, LLC",Caroline,chickens_not_laying_hens,broiler,44000,broiler_chicken,0.91,0.63,6.5,260260.0,180180.0,1,2057.4,detected_buildings,False,39.134304907205,-75.777619468175
data/raw/naip_tiles_pc_4band_delta/site_0000.tif,"MD Jockey Club of Baltimore City, Inc./Pimlico Race Course",Baltimore City,horses,excluded,350,,,,,0.0,0.0,4,5565.9,detected_buildings,True,39.349105336619,-76.675988608196
data/raw/naip_tiles_pc_4band_delta/site_0015.tif,Thomas Robert Leager Jr./T & L Leager,Queen Anne's,chickens_not_laying_hens,broiler,172000,broiler_chicken,0.91,0.63,6.5,1017380.0,704340.0,4,13750.0,detected_buildings,False,39.15934442618,-75.905654498935
data/raw/naip_tiles_pc_4band_delta/site_0012.tif,Jeff Green/Jeremiah Farm,Somerset,chickens_not_laying_hens,broiler,48000,broiler_chicken,0.91,0.63,6.5,283920.0,196560.0,6,7315.8,detected_buildings,False,38.031269456588,-75.731309509152
data/raw/naip_tiles_pc_4band_delta/site_0016.tif,Van Boi,Dorchester,chickens_not_laying_hens,broiler,113200,broiler_chicken,0.91,0.63,6.5,669578.0,463554.0,3,4961.4,detected_buildings,False,38.585233794755,-75.78793112234
data/raw/naip_tiles_pc_4band_delta/site_0019.tif,Larry Nagel Farm,Caroline,chickens_not_laying_hens,broiler,61000,broiler_chicken,0.91,0.63,6.5,360815.0,249795.0,5,8534.5,detected_buildings,False,38.715060391722,-75.804820410013
data/raw/naip_tiles_pc_4band_delta/site_0018.tif,Sansi & Virk LLC c/o Rizwan Zafar,Caroline,chickens_not_laying_hens,broiler,254700,broiler_chicken,0.91,0.63,6.5,1506550.5,1042996.5,9,19693.7,detected_buildings,False,39.011444717091,-75.84227471573
data/raw/naip_tiles_pc_4band_delta/site_0011.tif,"Justin Murphy/Murphy's Crusting & Uniloader Service, Inc.",Dorchester,chickens_not_laying_hens,broiler,320000,broiler_chicken,0.91,0.63,6.5,1892800.0,1310400.0,0,0.0,registry_point_only,False,38.574348610034,-75.749600803978
data/raw/naip_tiles_pc_4band_delta/site_0014.tif,"Cal-Maine Foods, LLC Pullets",Kent,laying_hens_dry_manure,poultry_other,352512,layer_chicken,1.08,0.86,1.0,380712.96,303160.32,2,3251.5,detected_buildings,False,39.271230333059,-75.791593502114
data/raw/naip_tiles_pc_4band_delta/site_0024.tif,"Rich Levels Poultry, Inc.",Kent,chickens_not_laying_hens,broiler,191667,broiler_chicken,0.91,0.63,6.5,1133710.305,784876.365,6,15768.0,detected_buildings,False,39.370208443686,-75.772466431527
data/raw/naip_tiles_pc_4band_delta/site_0017.tif,Dustin Calloway/D & W Farm,Wicomico,chickens_not_laying_hens,broiler,125000,broiler_chicken,0.91,0.63,6.5,739375.0,511875.0,17,42304.6,detected_buildings,False,38.432071108964,-75.785792077595
data/raw/naip_tiles_pc_4band_delta/site_0025.tif,"Whitelyn Farms, Inc.",Baltimore,dairy_cattle,dairy,400,dairy_cattle,168.0,96.0,1.0,67200.0,38400.0,0,0.0,registry_point_only,False,39.486722117466,-76.506011159305
data/raw/naip_tiles_pc_4band_delta/site_0022.tif,Mark Eck/Eck Farm (Expansion),Caroline,chickens_not_laying_hens,broiler,188000,broiler_chicken,0.91,0.63,6.5,1112020.0,769860.0,9,21252.9,detected_buildings,False,39.087429997207,-75.849634524517
data/raw/naip_tiles_pc_4band_delta/site_0023.tif,Eldwin Martin/Airview Farm,Wicomico,unknown,unknown,0,,,,,0.0,0.0,7,14604.7,detected_buildings,True,38.360105729459,-75.523425360836
data/raw/naip_tiles_pc_4band_delta/site_0027.tif,"William Beauchamp, III",Worcester,chickens_not_laying_hens,broiler,70000,broiler_chicken,0.91,0.63,6.5,414050.0,286650.0,3,7591.0,detected_buildings,False,38.083040929928,-75.619434376269
data/raw/naip_tiles_pc_4band_delta/site_0021.tif,Hien Tran and Minh Ma/Green Farm,Worcester,chickens_not_laying_hens,broiler,96000,broiler_chicken,0.91,0.63,6.5,567840.0,393120.0,4,6374.700000000001,detected_buildings,False,38.091222040777,-75.514770683953
data/raw/naip_tiles_pc_4band_delta/site_0031.tif,Bruce J. Twilley/Twilley Farm,Dorchester,chickens_not_laying_hens,broiler,58000,broiler_chicken,0.91,0.63,6.5,343070.0,237510.0,4,11335.7,detected_buildings,False,38.622345935222,-75.953232911121
data/raw/naip_tiles_pc_4band_delta/site_0035.tif,Panora Acres Inc./Stacy Sellers,Carroll,cattle_includes_heifers,beef,600,beef_cattle,125.0,87.0,1.0,75000.0,52200.0,1,753.1,detected_buildings,False,39.693997476245,-76.887903953521
data/raw/naip_tiles_pc_4band_delta/site_0020.tif,Haroonali Chaudhry/Langrial Farm,Caroline,chickens_not_laying_hens,broiler,72000,broiler_chicken,0.91,0.63,6.5,425880.0,294840.0,4,7873.7,detected_buildings,False,38.791073187046,-75.770834596162
data/raw/naip_tiles_pc_4band_delta/site_0028.tif,Rockawalkin Ridge Road LLC,Wicomico,chickens_not_laying_hens,broiler,90000,broiler_chicken,0.91,0.63,6.5,532350.0,368550.0,2,6172.8,detected_buildings,False,38.398945737208,-75.646180915295
data/raw/naip_tiles_pc_4band_delta/site_0026.tif,Henry Hall/Ginny Lee Farm,Wicomico,chickens_not_laying_hens,broiler,65000,broiler_chicken,0.91,0.63,6.5,384475.0,266175.0,2,3618.8,detected_buildings,False,38.399946844792,-75.712667968116
data/raw/naip_tiles_pc_4band_delta/site_0029.tif,Michael A. Lesniowski/H.D. Myles Farms,Queen Anne's,chickens_not_laying_hens,broiler,252000,broiler_chicken,0.91,0.63,6.5,1490580.0,1031940.0,6,17196.6,detected_buildings,False,39.102322563922,-75.90010765529
data/raw/naip_tiles_pc_4band_delta/site_0032.tif,David Pyle/Cow Comfort Inn Dairy,Carroll,dairy_cattle,dairy,555,dairy_cattle,168.0,96.0,1.0,93240.0,53280.0,0,0.0,registry_point_only,False,39.586900220558,-77.16498626102
data/raw/naip_tiles_pc_4band_delta/site_0033.tif,"Homegrown Farms, LLC/Dale Leslie Wright, Jr.",Caroline,chickens_not_laying_hens,broiler,160000,broiler_chicken,0.91,0.63,6.5,946400.0,655200.0,4,7952.6,detected_buildings,False,38.73759791327,-75.761684051959
data/raw/naip_tiles_pc_4band_delta/site_0036.tif,Dustin Calloway/Salt Life Farm,Wicomico,chickens_not_laying_hens,broiler,72000,broiler_chicken,0.91,0.63,6.5,425880.0,294840.0,3,4542.8,detected_buildings,False,38.418248798076,-75.805793721369
data/raw/naip_tiles_pc_4band_delta/site_0044.tif,Hasnain Hamid/Hasnain Farm LLC,Wicomico,chickens_not_laying_hens,broiler,198000,broiler_chicken,0.91,0.63,6.5,1171170.0,810810.0,6,27140.5,detected_buildings,False,38.434686177321,-75.427348736122
data/raw/naip_tiles_pc_4band_delta/site_0030.tif,Rantz William Purcell/RWP Farm,Somerset,chickens_not_laying_hens,broiler,120000,broiler_chicken,0.91,0.63,6.5,709800.0,491400.0,3,7360.5,detected_buildings,False,38.155834287341,-75.666670568349
data/raw/naip_tiles_pc_4band_delta/site_0034.tif,Beth Ball,Caroline,chickens_not_laying_hens,broiler,72100,broiler_chicken,0.91,0.63,6.5,426471.5,295249.5,0,0.0,registry_point_only,False,38.711495756167,-75.953114281783
data/raw/naip_tiles_pc_4band_delta/site_0039.tif,"Harry J. West, III/West Acres",Wicomico,chickens_not_laying_hens,broiler,42500,broiler_chicken,0.91,0.63,6.5,251387.5,174037.5,4,9530.1,detected_buildings,False,38.307095877414,-75.872136720934
data/raw/naip_tiles_pc_4band_delta/site_0042.tif,Kristen Perdue/Answered Prayers Farm,Wicomico,chickens_not_laying_hens,broiler,76500,broiler_chicken,0.91,0.63,6.5,452497.5,313267.5,5,13605.800000000001,detected_buildings,False,38.416663816832,-75.383919734026
data/raw/naip_tiles_pc_4band_delta/site_0050.tif,"Cal-Maine Foods, Inc.- Layers",Kent,laying_hens_dry_manure,poultry_other,676512,layer_chicken,1.08,0.86,1.0,730632.9600000001,581800.32,4,16389.7,detected_buildings,False,39.289795101943,-75.810901237575
data/raw/naip_tiles_pc_4band_delta/site_0041.tif,Ronald A. Rogala/Auction Acres,Caroline,chickens_not_laying_hens,broiler,62500,broiler_chicken,0.91,0.63,6.5,369687.5,255937.5,7,14281.4,detected_buildings,False,38.766389678205,-75.831283640565
data/raw/naip_tiles_pc_4band_delta/site_0037.tif,"Corner Haven Farms, LLC",Caroline,chickens_not_laying_hens,broiler,65600,broiler_chicken,0.91,0.63,6.5,388024.0,268632.0,2,3145.4,detected_buildings,False,38.958322494371,-75.766384270097
data/raw/naip_tiles_pc_4band_delta/site_0048.tif,Hoa Tran/Morning Sun LLC,Wicomico,chickens_not_laying_hens,broiler,98000,broiler_chicken,0.91,0.63,6.5,579670.0,401310.0,7,15204.3,detected_buildings,False,38.305491708493,-75.536988610557
data/raw/naip_tiles_pc_4band_delta/site_0049.tif,"Matthew Fry/Fair Hill Farms, Inc",Kent,dairy_cattle,dairy,1050,dairy_cattle,168.0,96.0,1.0,176400.0,100800.0,0,0.0,registry_point_only,False,39.255496049689,-76.057512728378
data/raw/naip_tiles_pc_4band_delta/site_0040.tif,"Mohammed Chaudhry/Faisal Farm, LLC",Caroline,chickens_not_laying_hens,broiler,75000,broiler_chicken,0.91,0.63,6.5,443625.0,307125.0,6,7612.2,detected_buildings,False,38.771629482378,-75.786864429619
data/raw/naip_tiles_pc_4band_delta/site_0038.tif,Martin Vitelli/Knew Farm,Somerset,chickens_not_laying_hens,broiler,180000,broiler_chicken,0.91,0.63,6.5,1064700.0,737100.0,6,15114.4,detected_buildings,False,38.174370478282,-75.600494516954
data/raw/naip_tiles_pc_4band_delta/site_0045.tif,Trina North/Tycon Farm,Caroline,chickens_not_laying_hens,broiler,63200,broiler_chicken,0.91,0.63,6.5,373828.0,258804.0,2,3064.8,detected_buildings,False,38.706397488131,-75.956582487955
data/raw/naip_tiles_pc_4band_delta/site_0043.tif,Roland Young,Caroline,chickens_not_laying_hens,broiler,108000,broiler_chicken,0.91,0.63,6.5,638820.0,442260.0,7,7620.5,detected_buildings,False,38.70598404061,-75.829885242876
data/raw/naip_tiles_pc_4band_delta/site_0052.tif,"Bonnie Lewis/A & B Lewis, LLC.",Worcester,chickens_not_laying_hens,broiler,50000,broiler_chicken,0.91,0.63,6.5,295750.0,204750.0,3,5398.1,detected_buildings,False,38.235194889768,-75.315093889857
data/raw/naip_tiles_pc_4band_delta/site_0046.tif,"Muhammad Usman/H & N Farm, LLC",Wicomico,unknown,unknown,0,,,,,0.0,0.0,4,10288.300000000001,detected_buildings,True,38.359391787382,-75.324080930702
data/raw/naip_tiles_pc_4band_delta/site_0047.tif,Mark Eck/Dad's Farm,Caroline,chickens_not_laying_hens,broiler,71000,broiler_chicken,0.91,0.63,6.5,419965.0,290745.0,2,4755.6,detected_buildings,False,39.052047009836,-75.885739810731
data/raw/naip_tiles_pc_4band_delta/site_0056.tif,"Ideal Farm, Inc./Choudhry Asif",Wicomico,chickens_not_laying_hens,broiler,285000,broiler_chicken,0.91,0.63,6.5,1685775.0,1167075.0,10,30254.0,detected_buildings,False,38.306912186711,-75.540674839816
data/raw/naip_tiles_pc_4band_delta/site_0054.tif,William T. Calloway III/Double T Farm,Wicomico,chickens_not_laying_hens,broiler,63000,broiler_chicken,0.91,0.63,6.5,372645.0,257985.0,5,16566.1,detected_buildings,False,38.428312812189,-75.789331397168
data/raw/naip_tiles_pc_4band_delta/site_0053.tif,Thu Huynh,Wicomico,chickens_not_laying_hens,broiler,300000,broiler_chicken,0.91,0.63,6.5,1774500.0,1228500.0,5,20097.9,detected_buildings,False,38.346510430346,-75.538077632515
data/raw/naip_tiles_pc_4band_delta/site_0055.tif,Clifton G Taylor III/Third and Dead End Farms,Somerset,chickens_not_laying_hens,broiler,108000,broiler_chicken,0.91,0.63,6.5,638820.0,442260.0,6,14574.7,detected_buildings,False,38.079189497835,-75.699502080197
data/raw/naip_tiles_pc_4band_delta/site_0051.tif,"Ladian Farms, LLC",Somerset,chickens_not_laying_hens,broiler,142000,broiler_chicken,0.91,0.63,6.5,839930.0,581490.0,4,11126.4,detected_buildings,False,38.222137275545,-75.583885442959
data/raw/naip_tiles_pc_4band_delta/site_0065.tif,Eli del Solar/Stepping Stone Farm,Worcester,chickens_not_laying_hens,broiler,120000,broiler_chicken,0.91,0.63,6.5,709800.0,491400.0,2,5242.5,detected_buildings,False,38.284201520872,-75.217460132544
data/raw/naip_tiles_pc_4band_delta/site_0062.tif,George and Brenda Young Chicks Farm,Worcester,chickens_not_laying_hens,broiler,60120,broiler_chicken,0.91,0.63,6.5,355609.80000000005,246191.4,7,14103.5,detected_buildings,False,38.064926868768,-75.641618572573
data/raw/naip_tiles_pc_4band_delta/site_0058.tif,Clay R. Littleton/Wide Loop Farm,Wicomico,chickens_not_laying_hens,broiler,70500,broiler_chicken,0.91,0.63,6.5,417007.5,288697.5,3,2375.5,detected_buildings,False,38.424713248163,-75.338125022239
data/raw/naip_tiles_pc_4band_delta/site_0059.tif,Ryan S. Rhodes,Queen Anne's,chickens_not_laying_hens,broiler,102400,broiler_chicken,0.91,0.63,6.5,605696.0,419328.0,1,2032.4,detected_buildings,False,39.091147008262,-76.024284519568
data/raw/naip_tiles_pc_4band_delta/site_0057.tif,Anthony E. Balcerzak Jr./Big Bivalve,Wicomico,chickens_not_laying_hens,broiler,38000,broiler_chicken,0.91,0.63,6.5,224770.0,155610.0,0,0.0,registry_point_only,False,38.30263787856,-75.876604487644
data/raw/naip_tiles_pc_4band_delta/site_0070.tif,Nhan Cao Dang,Wicomico,chickens_not_laying_hens,broiler,240000,broiler_chicken,0.91,0.63,6.5,1419600.0,982800.0,14,49371.1,detected_buildings,False,38.441454646004,-75.503671755439
data/raw/naip_tiles_pc_4band_delta/site_0064.tif,Brian C. Jones / B-Boy Farms,Wicomico,chickens_not_laying_hens,broiler,120000,broiler_chicken,0.91,0.63,6.5,709800.0,491400.0,3,6656.6,detected_buildings,False,38.280987884394,-75.571793619612
data/raw/naip_tiles_pc_4band_delta/site_0060.tif,Tiny Angels LLC,Somerset,chickens_not_laying_hens,broiler,270000,broiler_chicken,0.91,0.63,6.5,1597050.0,1105650.0,8,13696.5,detected_buildings,False,38.148002690857,-75.655057459055
data/raw/naip_tiles_pc_4band_delta/site_0066.tif,Mohammad J. Sheikh/Kun Farm LLC,Somerset,chickens_not_laying_hens,broiler,117200,broiler_chicken,0.91,0.63,6.5,693238.0,479934.0,4,9513.3,detected_buildings,False,38.25772241549,-75.689958293416
data/raw/naip_tiles_pc_4band_delta/site_0061.tif,Kathy A. Green/Fulton Acres Farm,Somerset,chickens_not_laying_hens,broiler,78000,broiler_chicken,0.91,0.63,6.5,461370.0,319410.0,3,6103.799999999999,detected_buildings,False,38.158391848815,-75.666199360579
data/raw/naip_tiles_pc_4band_delta/site_0063.tif,Chien B. Le/ Michelle and Le Ban Farm,Worcester,chickens_not_laying_hens,broiler,240000,broiler_chicken,0.91,0.63,6.5,1419600.0,982800.0,9,21253.3,detected_buildings,False,38.036192973014,-75.520870958297
data/raw/naip_tiles_pc_4band_delta/site_0072.tif,Brooks Brittingham/B & K Farm,Worcester,chickens_not_laying_hens,broiler,120000,broiler_chicken,0.91,0.63,6.5,709800.0,491400.0,3,7590.599999999999,detected_buildings,False,38.29787447066,-75.331512539623
data/raw/naip_tiles_pc_4band_delta/site_0074.tif,Ernest Adkins Jr./Viola's Acres,Wicomico,chickens_not_laying_hens,broiler,400000,broiler_chicken,0.91,0.63,6.5,2366000.0,1638000.0,7,23362.2,detected_buildings,False,38.315140168044,-75.440467044249
data/raw/naip_tiles_pc_4band_delta/site_0067.tif,Jagomar Farms LLC/Marissa Benjamin,Somerset,chickens_not_laying_hens,broiler,312000,broiler_chicken,0.91,0.63,6.5,1845480.0,1277640.0,6,22081.9,detected_buildings,False,38.233667847885,-75.649388432465
data/raw/naip_tiles_pc_4band_delta/site_0068.tif,"Jason Dryden Farms, Inc./William Jason Dryden",Somerset,chickens_not_laying_hens,broiler,115000,broiler_chicken,0.91,0.63,6.5,680225.0,470925.0,8,27566.199999999997,detected_buildings,False,38.069635438833,-75.658053567706
data/raw/naip_tiles_pc_4band_delta/site_0071.tif,Zachary C. Blough,Caroline,chickens_not_laying_hens,broiler,140000,broiler_chicken,0.91,0.63,6.5,828100.0,573300.0,7,8937.1,detected_buildings,False,38.783900264989,-75.767005993363
data/raw/naip_tiles_pc_4band_delta/site_0078.tif,"Derek Caraballo/Caraballo Farms, LLC",Caroline,chickens_not_laying_hens,broiler,211600,broiler_chicken,0.91,0.63,6.5,1251614.0,866502.0,4,14992.5,detected_buildings,False,38.865901553547,-75.757290463653
data/raw/naip_tiles_pc_4band_delta/site_0077.tif,"Keith/ Aydelotte/Silver Bullet Farm, LLC",Worcester,chickens_not_laying_hens,broiler,120000,broiler_chicken,0.91,0.63,6.5,709800.0,491400.0,15,51312.700000000004,detected_buildings,False,38.0449619005,-75.50125428133
data/raw/naip_tiles_pc_4band_delta/site_0076.tif,"Fraizer Rhode, LLC",Caroline,chickens_not_laying_hens,broiler,228960,broiler_chicken,0.91,0.63,6.5,1354298.4000000001,937591.2,5,15770.699999999999,detected_buildings,False,38.745513382495,-75.979110507756
data/raw/naip_tiles_pc_4band_delta/site_0069.tif,Hoa Tran/Morning Sun LLC/Tranquility Farm,Worcester,chickens_not_laying_hens,broiler,255000,broiler_chicken,0.91,0.63,6.5,1508325.0,1044225.0,7,18425.6,detected_buildings,False,38.074479445424,-75.479463027173
data/raw/naip_tiles_pc_4band_delta/site_0083.tif,Alex Moore,Queen Anne's,chickens_not_laying_hens,broiler,112000,broiler_chicken,0.91,0.63,6.5,662480.0,458640.0,10,25033.2,detected_buildings,False,39.14107969968,-75.911525180775
data/raw/naip_tiles_pc_4band_delta/site_0075.tif,Jason Lambertson/Grace Ridge Farm LLC,Worcester,chickens_not_laying_hens,broiler,180000,broiler_chicken,0.91,0.63,6.5,1064700.0,737100.0,4,16070.0,detected_buildings,False,38.029547285948,-75.476848605253
data/raw/naip_tiles_pc_4band_delta/site_0080.tif,Duy Pham,Somerset,chickens_not_laying_hens,broiler,207000,broiler_chicken,0.91,0.63,6.5,1224405.0,847665.0,6,15074.7,detected_buildings,False,38.214183920118,-75.647062982607
data/raw/naip_tiles_pc_4band_delta/site_0073.tif,KC Farms LLC,Queen Anne's,chickens_not_laying_hens,broiler,288000,broiler_chicken,0.91,0.63,6.5,1703520.0,1179360.0,16,51036.9,detected_buildings,False,39.163555587827,-75.861772748517
data/raw/naip_tiles_pc_4band_delta/site_0085.tif,L & B Farms LLC/Troy Tribbett,Caroline,chickens_not_laying_hens,broiler,138000,broiler_chicken,0.91,0.63,6.5,816270.0,565110.0,5,11889.5,detected_buildings,False,38.846382982036,-75.90288175132
data/raw/naip_tiles_pc_4band_delta/site_0082.tif,"J. Farm, LLC ""Red Dirt Road""/Stephen J. Stoltzfus",Caroline,chickens_not_laying_hens,broiler,144000,broiler_chicken,0.91,0.63,6.5,851760.0,589680.0,0,0.0,registry_point_only,False,38.855359401933,-75.734685529468
data/raw/naip_tiles_pc_4band_delta/site_0087.tif,Eldwin D. Martin,Washington,ducks_liquid_manure,poultry_other,17000,,,,,0.0,0.0,0,0.0,registry_point_only,True,39.682833386048,-77.841629053459
data/raw/naip_tiles_pc_4band_delta/site_0081.tif,"Daniels Poultry Farm, Inc./Stanley A. Daniels Jr.",Somerset,chickens_not_laying_hens,broiler,160000,broiler_chicken,0.91,0.63,6.5,946400.0,655200.0,15,44504.0,detected_buildings,False,38.07318472599,-75.657262976978
data/raw/naip_tiles_pc_4band_delta/site_0079.tif,Tyler Aydelotte/Roasters and Roses Farm,Worcester,chickens_not_laying_hens,broiler,89200,broiler_chicken,0.91,0.63,6.5,527618.0,365274.0,4,7457.7,detected_buildings,False,38.03045141795,-75.52075995
data/raw/naip_tiles_pc_4band_delta/site_0086.tif,Nazma Chishty,Queen Anne's,chickens_not_laying_hens,broiler,248000,broiler_chicken,0.91,0.63,6.5,1466920.0,1015560.0,8,15838.8,detected_buildings,False,39.133813959858,-75.795747089351
data/raw/naip_tiles_pc_4band_delta/site_0084.tif,Garey Quidas\Chapel Hill Farm,Caroline,chickens_not_laying_hens,broiler,81600,broiler_chicken,0.91,0.63,6.5,482664.0,334152.0,5,10926.8,detected_buildings,False,38.768226905368,-75.949842230513
